Player,Age,Team,Pos,G,GS,Tgt,Rec,Yds,Y/R,TD,1D,Succ%,Lng,R/G,Y/G,Ctch%,Y/Tgt,Att,Yds,TD,1D,Succ%,Lng,Y/A,Y/G,A/G,Touch,Y/Tch,YScm,RRTD,Fmb,Awards
Saquon Barkley,27,PHI,RB,16,16,43,33,278,8.4,2,12,44.2,43,210.00%,17.4,76.7,6.5,345,2005,13,82,52.5,72,5.8,125.3,21.6,378,6,2283,15,2,"PB,AP-1,AP MVP-3,AP OPoY-1,AP CPoY-14"
Derrick Henry,30,BAL,RB,17,17,22,19,193,10.2,2,11,68.2,27,110.00%,11.4,86.4,8.8,325,1921,16,94,58.8,87,5.9,113,19.1,344,6.1,2114,18,3,"PB,AP-2,AP OPoY-4"
Jahmyr Gibbs,22,DET,RB,17,4,63,52,517,9.9,4,25,55.6,54,310.00%,30.4,82.5,8.2,250,1412,16,70,53.6,70,5.6,83.1,14.7,302,6.4,1929,20,1,"PB,AP OPoY-8"
Bijan Robinson,22,ATL,RB,17,17,72,61,431,7.1,1,20,41.7,29,360.00%,25.4,84.7,6,304,1456,14,82,60.2,37,4.8,85.6,17.9,365,5.2,1887,15,1,PB
Ja'Marr Chase,24,CIN,WR,17,16,175,127,1708,13.4,17,75,62.3,70,750.00%,100.5,72.6,9.8,3,32,0,2,100,14,10.7,1.9,0.2,130,13.4,1740,17,0,"PB,AP-1,AP MVP-8,AP OPoY-3"
Josh Jacobs,26,GNB,RB,17,17,43,36,342,9.5,1,15,53.5,49,210.00%,20.1,83.7,8,301,1329,15,73,52.2,38,4.4,78.2,17.7,337,5,1671,16,4,"PB,AP OPoY-11"
Jonathan Taylor,25,IND,RB,14,13,31,18,136,7.6,1,7,32.3,25,130.00%,9.7,58.1,4.4,303,1431,11,71,45.9,70,4.7,102.2,21.6,321,4.9,1567,12,4,"PB,AP CPoY-19"
Aaron Jones,30,MIN,RB,17,17,62,51,408,8,2,20,58.1,25,300.00%,24,82.3,6.6,255,1138,5,49,49.8,41,4.5,66.9,15,306,5.1,1546,7,5,
Justin Jefferson,25,MIN,WR,17,17,154,103,1533,14.9,10,62,57.1,97,610.00%,90.2,66.9,10,1,3,0,0,0,3,3,0.2,0.1,104,14.8,1536,10,1,"PB,AP-1,AP OPoY-7"
Bucky Irving,22,TAM,RB,17,3,52,47,392,8.3,0,16,65.4,42,280.00%,23.1,90.4,7.5,207,1122,8,52,55.1,56,5.4,66,12.2,254,6,1514,8,2,AP ORoY-6
James Conner,29,ARI,RB,16,16,55,47,414,8.8,1,17,56.4,44,290.00%,25.9,85.5,7.5,236,1094,8,67,51.7,53,4.6,68.4,14.8,283,5.3,1508,9,4,
De'Von Achane,23,MIA,RB,17,16,87,78,592,7.6,6,30,57.5,39,460.00%,34.8,89.7,6.8,203,907,6,37,49.3,61,4.5,53.4,11.9,281,5.3,1499,12,1,
Alvin Kamara,29,NOR,RB,14,14,89,68,543,8,2,18,36,57,490.00%,38.8,76.4,6.1,228,950,6,52,51.3,24,4.2,67.9,16.3,296,5,1493,8,1,
Kyren Williams,24,LAR,RB,16,16,40,34,182,5.4,2,6,45,26,210.00%,11.4,85,4.6,316,1299,14,85,50.9,30,4.1,81.2,19.8,350,4.2,1481,16,5,AP OPoY-11
Chuba Hubbard,25,CAR,RB,15,15,54,43,171,4,1,10,31.5,20,290.00%,11.4,79.6,3.2,250,1195,10,62,54.8,38,4.8,79.7,16.7,293,4.7,1366,11,4,
Breece Hall,23,NYJ,RB,16,16,76,57,483,8.5,3,15,36.8,57,360.00%,30.2,75,6.4,209,876,5,40,46.4,42,4.2,54.8,13.1,266,5.1,1359,8,6,
Chase Brown,24,CIN,RB,16,10,65,54,360,6.7,4,23,52.3,34,340.00%,22.5,83.1,5.5,229,990,7,49,52.4,40,4.3,61.9,14.3,283,4.8,1350,11,2,
D'Andre Swift,25,CHI,RB,17,17,52,42,386,9.2,0,12,51.9,42,250.00%,22.7,80.8,7.4,253,959,6,43,43.9,56,3.8,56.4,14.9,295,4.6,1345,6,2,
Brian Thomas,22,JAX,WR,17,16,133,87,1282,14.7,10,53,55.6,85,510.00%,75.4,65.4,9.6,6,48,0,3,66.7,18,8,2.8,0.4,93,14.3,1330,10,0,"PB,AP ORoY-4"
Rico Dowdle,26,DAL,RB,16,15,49,39,249,6.4,3,13,53.1,22,240.00%,15.6,79.6,5.1,235,1079,2,53,53.6,27,4.6,67.4,14.7,274,4.8,1328,5,3,
Najee Harris,26,PIT,RB,17,17,48,36,283,7.9,0,13,45.8,32,210.00%,16.6,75,5.9,263,1043,6,50,43.7,36,4,61.4,15.5,299,4.4,1326,6,0,
Joe Mixon,28,HOU,RB,14,14,52,36,309,8.6,1,12,53.8,37,260.00%,22.1,69.2,5.9,245,1016,11,52,42.4,59,4.1,72.6,17.5,281,4.7,1325,12,0,PB
Tony Pollard,27,TEN,RB,16,16,57,41,238,5.8,0,9,29.8,30,260.00%,14.9,71.9,4.2,260,1079,5,53,47.7,41,4.2,67.4,16.3,301,4.4,1317,5,2,
Amon-Ra St. Brown,25,DET,WR,17,17,141,115,1263,11,12,73,70.2,66,680.00%,74.3,81.6,9,2,6,0,1,50,10,3,0.4,0.1,117,10.8,1269,12,1,"PB,AP-1,AP OPoY-11"
Drake London,23,ATL,WR,17,17,158,100,1271,12.7,9,67,56.3,39,590.00%,74.8,63.3,8,1,-3,0,0,0,-3,-3,-0.2,0.1,101,12.6,1268,9,0,
James Cook,25,BUF,RB,16,16,38,32,258,8.1,2,14,50,28,200.00%,16.1,84.2,6.8,207,1009,16,48,53.1,65,4.9,63.1,12.9,239,5.3,1267,18,1,PB
CeeDee Lamb,25,DAL,WR,15,15,152,101,1194,11.8,6,54,50,65,670.00%,79.6,66.4,7.9,14,70,0,4,42.9,18,5,4.7,0.9,115,11,1264,6,1,"PB,AP-2"
Jerry Jeudy,25,CLE,WR,17,16,145,90,1229,13.7,4,57,53.8,89,530.00%,72.3,62.1,8.5,0,0,0,0,,,,0,0,90,13.7,1229,4,0,PB
Brock Bowers,22,LVR,TE,17,16,153,112,1194,10.7,5,61,60.8,57,660.00%,70.2,73.2,7.8,5,13,0,2,60,12,2.6,0.8,0.3,117,10.3,1207,5,0,"PB,AP-1,AP ORoY-2"
Malik Nabers,21,NYG,WR,15,13,170,109,1204,11,7,55,51.2,59,730.00%,80.3,64.1,7.1,5,2,0,1,40,4,0.4,0.1,0.3,114,10.6,1206,7,1,"PB,AP ORoY-5"
Jaxon Smith-Njigba,22,SEA,WR,17,16,137,100,1130,11.3,6,57,58.4,46,590.00%,66.5,73,8.2,5,26,0,1,60,8,5.2,1.5,0.3,105,11,1156,6,1,PB
Ladd McConkey,23,LAC,WR,16,14,112,82,1149,14,7,52,57.1,60,510.00%,71.8,73.2,10.3,0,0,0,0,,,,0,0,82,14,1149,7,2,AP ORoY-9
Trey McBride,25,ARI,TE,16,16,147,111,1146,10.3,2,63,63.3,37,690.00%,71.6,75.5,7.8,1,2,1,1,100,2,2,0.1,0.1,112,10.3,1148,3,0,PB
Tyrone Tracy Jr.,25,NYG,RB,17,12,53,38,284,7.5,1,13,47.2,19,220.00%,16.7,71.7,5.4,192,839,5,39,44.3,45,4.4,49.4,11.3,230,4.9,1123,6,5,
David Montgomery,27,DET,RB,14,14,38,36,341,9.5,0,16,73.7,40,260.00%,24.4,94.7,9,185,775,12,50,55.1,21,4.2,55.4,13.2,221,5,1116,12,2,
Zay Flowers,24,BAL,WR,17,15,116,74,1059,14.3,4,48,53.4,53,440.00%,62.3,63.8,9.1,9,56,0,1,55.6,19,6.2,3.3,0.5,83,13.4,1115,4,0,PB
Garrett Wilson,24,NYJ,WR,17,17,154,101,1104,10.9,7,60,53.9,42,590.00%,64.9,65.6,7.2,2,5,0,1,50,5,2.5,0.3,0.1,103,10.8,1109,7,2,
George Kittle,31,SFO,TE,15,15,94,78,1106,14.2,8,50,73.4,43,520.00%,73.7,83,11.8,0,0,0,0,,,,0,0,78,14.2,1106,8,0,"PB,AP-2,AP OPoY-11"
Terry McLaurin,29,WAS,WR,17,17,117,82,1096,13.4,13,56,58.1,86,480.00%,64.5,70.1,9.4,2,2,0,0,0,2,1,0.1,0.1,84,13.1,1098,13,1,"PB,AP-2"
Courtland Sutton,29,DEN,WR,17,13,135,81,1081,13.3,8,57,53.3,47,480.00%,63.6,60,8,0,0,0,0,,,,0,0,81,13.3,1081,8,1,
A.J. Brown,27,PHI,WR,13,13,97,67,1079,16.1,7,51,62.9,67,520.00%,83,69.1,11.1,0,0,0,0,,,,0,0,67,16.1,1079,7,0,AP-2
Calvin Ridley,30,TEN,WR,17,14,120,64,1017,15.9,4,40,44.2,63,380.00%,59.8,53.3,8.5,8,55,1,3,75,19,6.9,3.2,0.5,72,14.9,1072,5,1,
Davante Adams,32,2TM,WR,14,14,141,85,1063,12.5,8,49,46.8,71,610.00%,75.9,60.3,7.5,0,0,0,0,,,,0,0,85,12.5,1063,8,0,
Davante Adams,32,LVR,WR,3,3,27,18,209,11.6,1,10,51.9,30,600.00%,69.7,66.7,7.7,0,0,0,0,,,,0,0,18,11.6,209,1,0,
Davante Adams,32,NYJ,WR,11,11,114,67,854,12.7,7,39,45.6,71,610.00%,77.6,58.8,7.5,0,0,0,0,,,,0,0,67,12.7,854,7,0,
Jameson Williams,23,DET,WR,15,11,91,58,1001,17.3,7,41,52.7,82,390.00%,66.7,63.7,11,11,61,1,5,63.6,15,5.5,4.1,0.7,69,15.4,1062,8,0,AP CPoY-19
J.K. Dobbins,26,LAC,RB,13,11,38,32,153,4.8,0,6,26.3,15,250.00%,11.8,84.2,4,195,905,9,47,42.6,61,4.6,69.6,15,227,4.7,1058,9,0,AP CPoY-2
Jakobi Meyers,28,LVR,WR,15,15,129,87,1027,11.8,4,52,55.8,43,580.00%,68.5,67.4,8,2,23,0,1,50,20,11.5,1.5,0.1,89,11.8,1050,4,0,
D.J. Moore,27,CHI,WR,17,17,140,98,966,9.9,6,43,47.1,44,580.00%,56.8,70,6.9,14,75,0,3,71.4,14,5.4,4.4,0.8,112,9.3,1041,6,1,
Puka Nacua,23,LAR,WR,11,11,106,79,990,12.5,3,47,63.2,51,720.00%,90,74.5,9.3,11,46,1,2,63.6,9,4.2,4.2,1,90,11.5,1036,4,0,
,,,,,,Receiving,,,,,,,,,,,,Rushing,,,,,,,,,Scrimmage,,,,,
Player,Age,Team,Pos,G,GS,Tgt,Rec,Yds,Y/R,TD,1D,Succ%,Lng,R/G,Y/G,Ctch%,Y/Tgt,Att,Yds,TD,1D,Succ%,Lng,Y/A,Y/G,A/G,Touch,Y/Tch,YScm,RRTD,Fmb,Awards
Jayden Reed,24,GNB,WR,17,10,75,55,857,15.6,6,29,56,70,320.00%,50.4,73.3,11.4,20,163,1,7,65,33,8.2,9.6,1.2,75,13.6,1020,7,3,
Tyreek Hill,30,MIA,WR,17,17,123,81,959,11.8,6,54,52,80,480.00%,56.4,65.9,7.8,8,53,0,2,62.5,16,6.6,3.1,0.5,89,11.4,1012,6,0,
Nico Collins,25,HOU,WR,12,12,99,68,1006,14.8,7,48,56.6,67,570.00%,83.8,68.7,10.2,0,0,0,0,,,,0,0,68,14.8,1006,7,0,PB
Rachaad White,25,TAM,RB,16,15,57,51,393,7.7,6,18,54.4,32,320.00%,24.6,89.5,6.9,144,613,3,35,50.7,56,4.3,38.3,9,195,5.2,1006,9,3,
Mike Evans,31,TAM,WR,14,14,110,74,1004,13.6,11,53,62.7,57,530.00%,71.7,67.3,9.1,0,0,0,0,,,,0,0,74,13.6,1004,11,0,PB
D.K. Metcalf,27,SEA,WR,15,12,108,66,992,15,5,35,49.1,71,440.00%,66.1,61.1,9.2,0,0,0,0,,,,0,0,66,15,992,5,2,
Darnell Mooney,27,ATL,WR,16,16,106,64,992,15.5,5,48,51.9,49,400.00%,62,60.4,9.4,0,0,0,0,,,,0,0,64,15.5,992,5,0,
Jauan Jennings,27,SFO,WR,15,10,113,77,975,12.7,6,47,54.9,45,510.00%,65,68.1,8.6,0,0,0,0,,,,0,0,77,12.7,975,6,1,
Rhamondre Stevenson,26,NWE,RB,15,14,41,33,168,5.1,1,8,39,16,220.00%,11.2,80.5,4.1,207,801,7,40,50.2,33,3.9,53.4,13.8,240,4,969,8,7,
Brian Robinson Jr.,25,WAS,RB,14,13,25,20,159,8,0,4,44,32,140.00%,11.4,80,6.4,187,799,8,47,48.7,40,4.3,57.1,13.4,207,4.6,958,8,2,
Lamar Jackson,27,BAL,QB,17,17,0,0,0,,0,0,,,0.00%,0,,,139,915,4,47,56.1,48,6.6,53.8,8.2,139,6.6,915,4,10,"PB,AP-1,AP MVP-2,AP OPoY-2"
Tee Higgins,25,CIN,WR,12,9,109,73,911,12.5,10,48,64.2,42,610.00%,75.9,67,8.4,0,0,0,0,,,,0,0,73,12.5,911,10,1,
Zach Charbonnet,23,SEA,RB,17,6,52,42,340,8.1,1,6,40.4,32,250.00%,20,80.8,6.5,135,569,8,32,47.4,51,4.2,33.5,7.9,177,5.1,909,9,0,
Kareem Hunt,29,KAN,RB,13,8,32,23,176,7.7,0,10,53.1,26,180.00%,13.5,71.9,5.5,200,728,7,42,55.5,20,3.6,56,15.4,223,4.1,904,7,0,
Jordan Addison,22,MIN,WR,15,15,99,63,875,13.9,9,39,47.5,69,420.00%,58.3,63.6,8.8,3,20,1,1,100,9,6.7,1.3,0.2,66,13.6,895,10,0,
George Pickens,23,PIT,WR,14,12,103,59,900,15.3,3,37,44.7,44,420.00%,64.3,57.3,8.7,2,-6,0,0,50,4,-3,-0.4,0.1,61,14.7,894,3,1,
Jayden Daniels,24,WAS,QB,17,17,0,0,0,,0,0,,,0.00%,0,,,148,891,6,55,62.8,46,6,52.4,8.7,148,6,891,6,5,"PB,AP MVP-7,AP OPoY-17,AP ORoY-1"
Marvin Harrison Jr.,22,ARI,WR,17,16,116,62,885,14.3,8,43,50,60,360.00%,52.1,53.4,7.6,0,0,0,0,,,,0,0,62,14.3,885,8,1,
Jonnu Smith,29,MIA,TE,17,6,111,88,884,10,8,55,63.1,57,520.00%,52,79.3,8,2,-1,0,0,0,,-0.5,-0.1,0.1,90,9.8,883,8,2,PB
Jordan Mason,25,SFO,RB,12,6,14,11,91,8.3,0,5,64.3,24,90.00%,7.6,78.6,6.5,153,789,3,37,47.1,38,5.2,65.8,12.8,164,5.4,880,3,3,
Kenneth Walker III,24,SEA,RB,11,11,53,46,299,6.5,1,19,54.7,21,420.00%,27.2,86.8,5.6,153,573,7,28,44.4,28,3.7,52.1,13.9,199,4.4,872,8,1,
Javonte Williams,24,DEN,RB,17,11,70,52,346,6.7,0,14,37.1,34,310.00%,20.4,74.3,4.9,139,513,4,30,46.8,20,3.7,30.2,8.2,191,4.5,859,4,2,
DeVonta Smith,26,PHI,WR,13,13,89,68,833,12.3,8,42,61.8,49,520.00%,64.1,76.4,9.4,1,1,0,0,0,1,1,0.1,0.1,69,12.1,834,8,0,
Khalil Shakir,24,BUF,WR,15,9,100,76,821,10.8,4,35,53,52,510.00%,54.7,76,8.2,2,4,0,0,0,2,2,0.3,0.1,78,10.6,825,4,1,
Travis Kelce,35,KAN,TE,16,16,133,97,823,8.5,3,47,60.2,38,610.00%,51.4,72.9,6.2,1,1,0,0,100,1,1,0.1,0.1,98,8.4,824,3,2,PB
,,,,,,Receiving,,,,,,,,,,,,Rushing,,,,,,,,,Scrimmage,,,,,
Player,Age,Team,Pos,G,GS,Tgt,Rec,Yds,Y/R,TD,1D,Succ%,Lng,R/G,Y/G,Ctch%,Y/Tgt,Att,Yds,TD,1D,Succ%,Lng,Y/A,Y/G,A/G,Touch,Y/Tch,YScm,RRTD,Fmb,Awards
Alec Pierce,24,IND,WR,16,13,69,37,824,22.3,7,32,52.2,65,230.00%,51.5,53.6,11.9,0,0,0,0,,,,0,0,37,22.3,824,7,0,
Jaylen Warren,26,PIT,RB,15,0,47,38,310,8.2,0,16,46.8,29,250.00%,20.7,80.9,6.6,120,511,1,28,50,22,4.3,34.1,8,158,5.2,821,1,2,
Tank Bigsby,23,JAX,RB,16,1,12,7,54,7.7,0,1,25,28,40.00%,3.4,58.3,4.5,168,766,7,39,49.4,65,4.6,47.9,10.5,175,4.7,820,7,4,
Josh Downs,23,IND,WR,14,8,107,72,803,11.2,5,40,53.3,69,510.00%,57.4,67.3,7.5,1,12,0,0,0,13,12,0.9,0.1,73,11.2,815,5,0,
Travis Etienne,25,JAX,RB,15,15,52,39,254,6.5,0,13,38.5,26,260.00%,16.9,75,4.9,150,558,2,31,45.3,22,3.7,37.2,10,189,4.3,812,2,1,
Michael Pittman Jr.,27,IND,WR,16,14,111,69,808,11.7,3,35,50.5,33,430.00%,50.5,62.2,7.3,0,0,0,0,,,,0,0,69,11.7,808,3,1,
Deebo Samuel,28,SFO,WR,15,15,81,51,670,13.1,3,28,40.7,76,340.00%,44.7,63,8.3,42,136,1,5,45.2,13,3.2,9.1,2.8,93,8.7,806,4,2,
Jerome Ford,25,CLE,RB,14,6,43,37,225,6.1,0,10,37.2,26,260.00%,16.1,86,5.2,104,565,3,25,47.1,66,5.4,40.4,7.4,141,5.6,790,3,0,
Ray-Ray McCloud,28,ATL,WR,17,13,87,62,686,11.1,1,29,51.7,60,360.00%,40.4,71.3,7.9,10,79,0,3,60,20,7.9,4.6,0.6,72,10.6,765,1,4,
Rashod Bateman,25,BAL,WR,17,14,72,45,756,16.8,9,35,52.8,59,260.00%,44.5,62.5,10.5,0,0,0,0,,,,0,0,45,16.8,756,9,0,
Jaylen Waddle,26,MIA,WR,15,15,83,58,744,12.8,2,38,54.2,63,390.00%,49.6,69.9,9,4,12,0,1,75,6,3,0.8,0.3,62,12.2,756,2,0,
Rome Odunze,22,CHI,WR,17,12,101,54,734,13.6,3,37,45.5,47,320.00%,43.2,53.5,7.3,3,15,0,1,66.7,8,5,0.9,0.2,57,13.1,749,3,2,
Keenan Allen,32,CHI,WR,15,15,121,70,744,10.6,7,43,47.1,45,470.00%,49.6,57.9,6.1,0,0,0,0,,,,0,0,70,10.6,744,7,1,
Antonio Gibson,26,NWE,RB,17,3,29,23,206,9,0,11,51.7,50,140.00%,12.1,79.3,7.1,120,538,1,24,45,45,4.5,31.6,7.1,143,5.2,744,1,2,
Xavier Worthy,21,KAN,WR,17,13,98,59,638,10.8,6,36,56.1,54,350.00%,37.5,60.2,6.5,20,104,3,4,75,21,5.2,6.1,1.2,79,9.4,742,9,0,
Austin Ekeler,29,WAS,RB,12,6,41,35,366,10.5,0,14,53.7,34,290.00%,30.5,85.4,8.9,77,367,4,19,51.9,50,4.8,30.6,6.4,112,6.5,733,4,3,AP-2
Tyler Allgeier,24,ATL,RB,17,0,13,13,88,6.8,0,2,46.2,13,80.00%,5.2,100,6.8,137,644,3,43,58.4,25,4.7,37.9,8.1,150,4.9,732,3,0,
Sam LaPorta,23,DET,TE,16,16,83,60,726,12.1,7,39,56.6,52,380.00%,45.4,72.3,8.7,0,0,0,0,,,,0,0,60,12.1,726,7,0,
Cooper Kupp,31,LAR,WR,12,11,100,67,710,10.6,6,28,47,69,560.00%,59.2,67,7.1,2,10,0,1,50,9,5,0.8,0.2,69,10.4,720,6,1,
Quentin Johnston,23,LAC,WR,15,11,91,55,711,12.9,8,32,50.5,66,370.00%,47.4,60.4,7.8,3,6,0,0,33.3,4,2,0.4,0.2,58,12.4,717,8,0,
Wan'Dale Robinson,23,NYG,WR,17,7,140,93,699,7.5,3,36,42.1,35,550.00%,41.1,66.4,5,3,18,0,1,33.3,14,6,1.1,0.2,96,7.5,717,3,0,
Alexander Mattison,26,LVR,RB,14,7,48,36,294,8.2,1,13,35.4,31,260.00%,21,75,6.1,132,420,4,25,35.6,24,3.2,30,9.4,168,4.3,714,5,1,
Tucker Kraft,24,GNB,TE,17,17,70,50,707,14.1,7,30,58.6,67,290.00%,41.6,71.4,10.1,3,6,0,3,100,2,2,0.4,0.2,53,13.5,713,7,1,
Tank Dell,25,HOU,WR,14,10,81,51,667,13.1,3,35,53.1,50,360.00%,47.6,63,8.2,9,43,0,3,33.3,18,4.8,3.1,0.6,60,11.8,710,3,0,
Mark Andrews,29,BAL,TE,17,13,69,55,673,12.2,11,39,68.1,67,320.00%,39.6,79.7,9.8,4,5,0,3,75,2,1.3,0.3,0.2,59,11.5,678,11,0,AP CPoY-19
,,,,,,Receiving,,,,,,,,,,,,Rushing,,,,,,,,,Scrimmage,,,,,
Player,Age,Team,Pos,G,GS,Tgt,Rec,Yds,Y/R,TD,1D,Succ%,Lng,R/G,Y/G,Ctch%,Y/Tgt,Att,Yds,TD,1D,Succ%,Lng,Y/A,Y/G,A/G,Touch,Y/Tch,YScm,RRTD,Fmb,Awards
Hunter Henry,30,NWE,TE,16,16,97,66,674,10.2,2,40,56.7,35,410.00%,42.1,68,6.9,0,0,0,0,,,,0,0,66,10.2,674,2,0,
Mike Gesicki,29,CIN,TE,17,3,83,65,665,10.2,2,38,62.7,47,380.00%,39.1,78.3,8,0,0,0,0,,,,0,0,65,10.2,665,2,1,
Zach Ertz,34,WAS,TE,17,17,91,66,654,9.9,7,38,63.7,37,390.00%,38.5,72.5,7.2,0,0,0,0,,,,0,0,66,9.9,654,7,1,AP CPoY-17
Pat Freiermuth,26,PIT,TE,17,11,78,65,653,10,7,32,62.8,30,380.00%,38.4,83.3,8.4,0,0,0,0,,,,0,0,65,10,653,7,3,
Christian Watson,25,GNB,WR,15,15,53,29,620,21.4,2,21,47.2,60,190.00%,41.3,54.7,11.7,4,23,0,1,75,14,5.8,1.5,0.3,33,19.5,643,2,1,
Demario Douglas,24,NWE,WR,17,7,87,66,621,9.4,3,31,51.7,36,390.00%,36.5,75.9,7.1,3,16,0,0,66.7,9,5.3,0.9,0.2,69,9.2,637,3,1,
Ray Davis,25,BUF,RB,17,0,19,17,189,11.1,3,8,63.2,63,100.00%,11.1,89.5,9.9,113,442,3,25,45.1,23,3.9,26,6.6,130,4.9,631,6,0,
Jalen Hurts,26,PHI,QB,15,15,0,0,0,,0,0,,,0.00%,0,,,150,630,14,62,55.3,35,4.2,42,10,150,4.2,630,14,9,
Adam Thielen,34,CAR,WR,10,10,62,48,615,12.8,5,28,58.1,40,480.00%,61.5,77.4,9.9,0,0,0,0,,,,0,0,48,12.8,615,5,0,
Justice Hill,27,BAL,RB,15,0,51,42,383,9.1,3,17,49,27,280.00%,25.5,82.4,7.5,47,228,1,14,44.7,51,4.9,15.2,3.1,89,6.9,611,4,0,
Jalen Tolbert,25,DAL,WR,17,15,79,49,610,12.4,7,29,51.9,48,290.00%,35.9,62,7.7,0,0,0,0,,,,0,0,49,12.4,610,7,0,
DeAndre Hopkins,32,2TM,WR,16,8,80,56,610,10.9,5,35,60,35,350.00%,38.1,70,7.6,0,0,0,0,,,,0,0,56,10.9,610,5,1,
DeAndre Hopkins,32,TEN,WR,6,3,21,15,173,11.5,1,10,66.7,23,250.00%,28.8,71.4,8.2,0,0,0,0,,,,0,0,15,11.5,173,1,1,
DeAndre Hopkins,32,KAN,WR,10,5,59,41,437,10.7,4,25,57.6,35,410.00%,43.7,69.5,7.4,0,0,0,0,,,,0,0,41,10.7,437,4,0,
Kyle Pitts,24,ATL,TE,17,15,74,47,602,12.8,4,21,41.9,52,280.00%,35.4,63.5,8.1,0,0,0,0,,,,0,0,47,12.8,602,4,0,
Romeo Doubs,24,GNB,WR,13,12,72,46,601,13.1,4,33,59.7,39,350.00%,46.2,63.9,8.3,0,0,0,0,,,,0,0,46,13.1,601,4,0,
Tyler Lockett,32,SEA,WR,17,14,74,49,600,12.2,2,36,56.8,37,290.00%,35.3,66.2,8.1,0,0,0,0,,,,0,0,49,12.2,600,2,0,
Cade Otton,25,TAM,TE,14,14,87,59,600,10.2,4,31,51.7,44,420.00%,42.9,67.8,6.9,1,-4,0,0,0,-4,-4,-0.3,0.1,60,9.9,596,4,2,
Darius Slayton,27,NYG,WR,16,13,71,39,573,14.7,2,30,50.7,43,240.00%,35.8,54.9,8.1,2,17,0,1,100,11,8.5,1.1,0.1,41,14.4,590,2,1,
Kayshon Boutte,22,NWE,WR,15,13,68,43,589,13.7,3,25,55.9,48,290.00%,39.3,63.2,8.7,0,0,0,0,,,,0,0,43,13.7,589,3,0,
Josh Palmer,25,LAC,WR,15,7,65,39,584,15,1,28,53.8,45,260.00%,38.9,60,9,0,0,0,0,,,,0,0,39,15,584,1,0,
Tre Tucker,23,LVR,WR,17,14,81,47,539,11.5,3,24,43.2,58,280.00%,31.7,58,6.7,9,44,1,3,66.7,11,4.9,2.6,0.5,56,10.4,583,4,0,
Chris Godwin,28,TAM,WR,7,7,62,50,576,11.5,5,33,72.6,55,710.00%,82.3,80.6,9.3,1,2,0,1,100,2,2,0.3,0.1,51,11.3,578,5,1,
Ameer Abdullah,31,LVR,RB,16,3,47,40,261,6.5,3,16,59.6,24,250.00%,16.3,85.1,5.6,66,311,2,14,50,40,4.7,19.4,4.1,106,5.4,572,5,2,
Isaac Guerendo,24,SFO,RB,16,3,16,15,152,10.1,0,7,56.3,40,90.00%,9.5,93.8,9.5,84,420,4,18,47.6,76,5,26.3,5.3,99,5.8,572,4,3,
,,,,,,Receiving,,,,,,,,,,,,Rushing,,,,,,,,,Scrimmage,,,,,
Player,Age,Team,Pos,G,GS,Tgt,Rec,Yds,Y/R,TD,1D,Succ%,Lng,R/G,Y/G,Ctch%,Y/Tgt,Att,Yds,TD,1D,Succ%,Lng,Y/A,Y/G,A/G,Touch,Y/Tch,YScm,RRTD,Fmb,Awards
Jaleel McLaughlin,24,DEN,RB,16,5,27,24,76,3.2,2,3,33.3,11,150.00%,4.8,88.9,2.8,113,496,1,25,51.3,21,4.4,31,7.1,137,4.2,572,3,1,
Kyler Murray,27,ARI,QB,17,17,0,0,0,,0,0,,,0.00%,0,,,78,572,5,27,52.6,50,7.3,33.6,4.6,78,7.3,572,5,8,AP CPoY-10
Tutu Atwell,25,LAR,WR,17,5,62,42,562,13.4,0,29,59.7,50,250.00%,33.1,67.7,9.1,2,7,0,0,50,7,3.5,0.4,0.1,44,12.9,569,0,0,
Keon Coleman,21,BUF,WR,13,12,57,29,556,19.2,4,22,43.9,64,220.00%,42.8,50.9,9.8,1,9,0,0,100,9,9,0.7,0.1,30,18.8,565,4,0,
Devin Singletary,27,NYG,RB,15,5,24,21,119,5.7,0,4,45.8,23,140.00%,7.9,87.5,5,113,437,4,24,47.8,43,3.9,29.1,7.5,134,4.1,556,4,2,
Michael Wilson,24,ARI,WR,16,13,71,47,548,11.7,4,27,56.3,41,290.00%,34.3,66.2,7.7,1,7,0,0,0,7,7,0.4,0.1,48,11.6,555,4,1,
Emanuel Wilson,25,GNB,RB,17,0,14,11,48,4.4,1,3,21.4,30,60.00%,2.8,78.6,3.4,103,502,4,27,59.2,21,4.9,29.5,6.1,114,4.8,550,5,0,
Calvin Austin III,25,PIT,WR,17,8,58,36,548,15.2,4,18,53.4,55,210.00%,32.2,62.1,9.4,0,0,0,0,,,,0,0,36,15.2,548,4,1,
Juwan Johnson,28,NOR,TE,17,5,66,50,548,11,3,27,56.1,30,290.00%,32.2,75.8,8.3,0,0,0,0,,,,0,0,50,11,548,3,2,
Amari Cooper,30,2TM,WR,14,10,85,44,547,12.4,4,25,42.4,30,310.00%,39.1,51.8,6.4,0,0,0,0,,,,0,0,44,12.4,547,4,0,
Amari Cooper,30,CLE,WR,6,6,53,24,250,10.4,2,11,35.8,24,400.00%,41.7,45.3,4.7,0,0,0,0,,,,0,0,24,10.4,250,2,0,
Amari Cooper,30,BUF,WR,8,4,32,20,297,14.9,2,14,53.1,30,250.00%,37.1,62.5,9.3,0,0,0,0,,,,0,0,20,14.9,297,2,0,
Marvin Mims,22,DEN,WR,17,2,52,39,503,12.9,6,14,48.1,93,230.00%,29.6,75,9.7,13,42,0,3,38.5,17,3.2,2.5,0.8,52,10.5,545,6,1,"PB,AP-1"
Elijah Moore,24,CLE,WR,17,13,102,61,538,8.8,1,25,35.3,44,360.00%,31.6,59.8,5.3,1,1,0,0,0,1,1,0.1,0.1,62,8.7,539,1,0,
Josh Allen,28,BUF,QB,17,17,0,0,7,,1,0,,7,0.00%,0.4,,,102,531,12,52,64.7,30,5.2,31.2,6,102,5.3,538,13,5,"PB,AP-2,AP MVP-1,AP OPoY-6"
Tyjae Spears,23,TEN,RB,12,1,35,30,224,7.5,1,9,40,43,250.00%,18.7,85.7,6.4,84,312,4,19,46.4,23,3.7,26,7,114,4.7,536,5,1,
Dalton Schultz,28,HOU,TE,17,13,85,53,532,10,2,26,49.4,32,310.00%,31.3,62.4,6.3,0,0,0,0,,,,0,0,53,10,532,2,0,
Allen Lazard,29,NYJ,WR,12,10,60,37,530,14.3,6,29,58.3,52,310.00%,44.2,61.7,8.8,0,0,0,0,,,,0,0,37,14.3,530,6,0,
Xavier Legette,23,CAR,WR,16,13,84,49,497,10.1,4,27,44,35,310.00%,31.1,58.3,5.9,6,24,0,2,50,8,4,1.5,0.4,55,9.5,521,4,0,
Olamide Zaccheaus,27,WAS,WR,17,6,64,45,506,11.2,3,26,51.6,49,260.00%,29.8,70.3,7.9,1,8,0,1,100,8,8,0.5,0.1,46,11.2,514,3,3,
KaVontae Turpin,28,DAL,WR,17,2,52,31,420,13.5,2,18,48.1,64,180.00%,24.7,59.6,8.1,16,92,0,6,56.3,16,5.8,5.4,0.9,47,10.9,512,2,3,"PB,AP-1"
Cam Akers,25,2TM,RB,17,2,18,14,68,4.9,3,4,33.3,9,80.00%,4,77.8,3.8,104,444,2,21,38.5,58,4.3,26.1,6.1,118,4.3,512,5,1,AP CPoY-19
Cam Akers,25,HOU,RB,5,2,7,4,16,4,1,1,14.3,8,80.00%,3.2,57.1,2.3,40,147,1,5,30,15,3.7,29.4,8,44,3.7,163,2,1,
Cam Akers,25,MIN,RB,12,0,11,10,52,5.2,2,3,45.5,9,80.00%,4.3,90.9,4.7,64,297,1,16,43.8,58,4.6,24.8,5.3,74,4.7,349,3,0,
David Njoku,28,CLE,TE,11,11,97,64,505,7.9,5,23,39.2,29,580.00%,45.9,66,5.2,0,0,0,0,,,,0,0,64,7.9,505,5,0,
,,,,,,Receiving,,,,,,,,,,,,Rushing,,,,,,,,,Scrimmage,,,,,
Player,Age,Team,Pos,G,GS,Tgt,Rec,Yds,Y/R,TD,1D,Succ%,Lng,R/G,Y/G,Ctch%,Y/Tgt,Att,Yds,TD,1D,Succ%,Lng,Y/A,Y/G,A/G,Touch,Y/Tch,YScm,RRTD,Fmb,Awards
Demarcus Robinson,30,LAR,WR,17,17,64,31,505,16.3,7,27,46.9,46,180.00%,29.7,48.4,7.9,0,0,0,0,,,,0,0,31,16.3,505,7,0,
Stefon Diggs,31,HOU,WR,8,8,64,47,496,10.6,3,31,51.6,49,590.00%,62,73.4,7.8,3,8,1,1,66.7,6,2.7,1,0.4,50,10.1,504,4,0,
Jalen McMillan,23,TAM,WR,13,12,58,37,461,12.5,8,23,55.2,33,280.00%,35.5,63.8,7.9,4,43,0,3,100,17,10.8,3.3,0.3,41,12.3,504,8,0,
Noah Fant,27,SEA,TE,14,9,64,48,500,10.4,1,25,57.8,32,340.00%,35.7,75,7.8,0,0,0,0,,,,0,0,48,10.4,500,1,0,
Anthony Richardson,22,IND,QB,11,11,1,1,-1,-1,0,0,0,-1,10.00%,-0.1,100,-1,86,499,6,34,58.1,29,5.8,45.4,7.8,87,5.7,498,6,9,AP CPoY-25
Ty Johnson,27,BUF,RB,17,1,25,18,284,15.8,3,14,60,41,110.00%,16.7,72,11.4,41,213,1,13,65.9,19,5.2,12.5,2.4,59,8.4,497,4,0,
Nick Westbrook-Ikhine,27,TEN,WR,17,9,60,32,497,15.5,9,25,46.7,98,190.00%,29.2,53.3,8.3,0,0,0,0,,,,0,0,32,15.5,497,9,0,
Dallas Goedert,29,PHI,TE,10,10,52,42,496,11.8,2,20,55.8,61,420.00%,49.6,80.8,9.5,0,0,0,0,,,,0,0,42,11.8,496,2,2,
Chigoziem Okonkwo,25,TEN,TE,17,11,70,52,479,9.2,2,19,55.7,70,310.00%,28.2,74.3,6.8,1,17,0,1,100,17,17,1,0.1,53,9.4,496,2,2,
Jake Ferguson,25,DAL,TE,14,14,86,59,494,8.4,0,18,39.5,27,420.00%,35.3,68.6,5.7,0,0,0,0,,,,0,0,59,8.4,494,0,4,
Caleb Williams,23,CHI,QB,17,17,0,0,0,,0,0,,,0.00%,0,,,81,489,0,27,51.9,24,6,28.8,4.8,81,6,489,0,10,AP ORoY-10
Braelon Allen,20,NYJ,RB,17,2,27,19,148,7.8,1,8,51.9,15,110.00%,8.7,70.4,5.5,92,334,2,22,51.1,20,3.6,19.6,5.4,111,4.3,482,3,0,
Will Dissly,28,LAC,TE,15,8,64,50,481,9.6,2,24,54.7,29,330.00%,32.1,78.1,7.5,0,0,0,0,,,,0,0,50,9.6,481,2,0,
Andrei Iosivas,25,CIN,WR,17,8,61,36,479,13.3,6,26,55.7,39,210.00%,28.2,59,7.9,0,0,0,0,,,,0,0,36,13.3,479,6,0,
Jalen Coker,23,CAR,WR,11,4,46,32,478,14.9,2,23,58.7,83,290.00%,43.5,69.6,10.4,0,0,0,0,,,,0,0,32,14.9,478,2,0,
Isaiah Likely,24,BAL,TE,16,9,58,42,477,11.4,6,26,60.3,49,260.00%,29.8,72.4,8.2,0,0,0,0,,,,0,0,42,11.4,477,6,1,
Austin Hooper,30,NWE,TE,17,8,59,45,476,10.6,3,25,62.7,38,260.00%,28,76.3,8.1,0,0,0,0,,,,0,0,45,10.6,476,3,2,
Devaughn Vele,27,DEN,WR,13,7,55,41,475,11.6,3,26,63.6,37,320.00%,36.5,74.5,8.6,0,0,0,0,,,,0,0,41,11.6,475,3,0,
Cole Kmet,25,CHI,TE,17,16,55,47,474,10.1,4,25,70.9,31,280.00%,27.9,85.5,8.6,0,0,0,0,,,,0,0,47,10.1,474,4,0,
Taysom Hill,34,NOR,TE,8,8,31,23,187,8.1,0,8,48.4,34,290.00%,23.4,74.2,6,39,278,6,18,64.1,75,7.1,34.8,4.9,62,7.5,465,6,1,
T.J. Hockenson,27,MIN,TE,10,9,62,41,455,11.1,0,30,54.8,34,410.00%,45.5,66.1,7.3,0,0,0,0,,,,0,0,41,11.1,455,0,0,AP CPoY-19
Noah Brown,28,WAS,WR,11,9,56,35,453,12.9,1,21,57.1,52,320.00%,41.2,62.5,8.1,0,0,0,0,,,,0,0,35,12.9,453,1,0,
Tyler Conklin,29,NYJ,TE,16,15,72,51,449,8.8,4,24,52.8,27,320.00%,28.1,70.8,6.2,1,0,0,0,0,,0,0,0.1,52,8.6,449,4,0,
Dalton Kincaid,25,BUF,TE,13,9,75,44,448,10.2,2,23,53.3,29,340.00%,34.5,58.7,6,0,0,0,0,,,,0,0,44,10.2,448,2,1,
Ricky Pearsall,24,SFO,WR,11,4,46,31,400,12.9,3,19,56.5,46,280.00%,36.4,67.4,8.7,3,45,0,1,66.7,39,15,4.1,0.3,34,13.1,445,3,0,
,,,,,,Receiving,,,,,,,,,,,,Rushing,,,,,,,,,Scrimmage,,,,,
Player,Age,Team,Pos,G,GS,Tgt,Rec,Yds,Y/R,TD,1D,Succ%,Lng,R/G,Y/G,Ctch%,Y/Tgt,Att,Yds,TD,1D,Succ%,Lng,Y/A,Y/G,A/G,Touch,Y/Tch,YScm,RRTD,Fmb,Awards
Raheem Mostert,32,MIA,RB,13,1,23,19,161,8.5,0,10,52.2,25,150.00%,12.4,82.6,7,85,278,2,13,37.6,21,3.3,21.4,6.5,104,4.2,439,2,2,
Noah Gray,25,KAN,TE,17,10,49,40,437,10.9,5,25,67.3,35,240.00%,25.7,81.6,8.9,1,-4,0,0,0,-4,-4,-0.2,0.1,41,10.6,433,5,0,
Bo Nix,24,DEN,QB,17,17,1,1,2,2,1,1,100,2,10.00%,0.1,100,2,92,430,4,41,53.3,32,4.7,25.3,5.4,93,4.6,432,5,3,AP ORoY-3
Zack Moss,27,CIN,RB,8,6,27,23,187,8.1,1,11,63,21,290.00%,23.4,85.2,6.9,74,242,2,13,36.5,16,3.3,30.3,9.3,97,4.4,429,3,2,
Drake Maye,22,NWE,QB,13,12,0,0,0,,0,0,,,0.00%,0,,,54,421,2,22,64.8,41,7.8,32.4,4.2,54,7.8,421,2,9,"PB,AP ORoY-8"
Sean Tucker,23,TAM,RB,17,0,12,9,109,12.1,1,6,75,36,50.00%,6.4,75,9.1,50,308,2,17,56,36,6.2,18.1,2.9,59,7.1,417,3,1,
Dontayvion Wicks,23,GNB,WR,17,5,76,39,415,10.6,5,25,39.5,36,230.00%,24.4,51.3,5.5,0,0,0,0,,,,0,0,39,10.6,415,5,0,
Marquez Valdes-Scantling,30,2TM,WR,14,8,44,19,411,21.6,4,14,36.4,71,140.00%,29.4,43.2,9.3,1,4,0,0,0,4,4,0.3,0.1,20,20.8,415,4,0,
Marquez Valdes-Scantling,30,BUF,WR,6,0,9,2,26,13,0,1,22.2,19,30.00%,4.3,22.2,2.9,0,0,0,0,,,,0,0,2,13,26,0,0,
Marquez Valdes-Scantling,30,NOR,WR,8,8,35,17,385,22.6,4,13,40,71,210.00%,48.1,48.6,11,1,4,0,0,0,4,4,0.5,0.1,18,21.6,389,4,0,
Samaje Perine,29,KAN,RB,17,0,35,28,322,11.5,1,15,51.4,36,160.00%,18.9,80,9.2,20,92,1,7,55,13,4.6,5.4,1.2,48,8.6,414,2,0,
Foster Moreau,27,NOR,TE,17,17,43,32,413,12.9,5,21,60.5,41,190.00%,24.3,74.4,9.6,0,0,0,0,,,,0,0,32,12.9,413,5,0,
Brenton Strange,24,JAX,TE,17,10,53,40,411,10.3,2,21,66,30,240.00%,24.2,75.5,7.8,0,0,0,0,,,,0,0,40,10.3,411,2,1,
Jalen Nailor,25,MIN,WR,17,7,42,28,414,14.8,6,22,59.5,33,160.00%,24.4,66.7,9.9,3,-4,0,1,33.3,3,-1.3,-0.2,0.2,31,13.2,410,6,1,
Chris Olave,24,NOR,WR,8,8,44,32,400,12.5,1,22,65.9,39,400.00%,50,72.7,9.1,1,7,0,1,100,7,7,0.9,0.1,33,12.3,407,1,1,
Kenneth Gainwell,25,PHI,RB,17,1,22,16,116,7.3,0,5,40.9,16,90.00%,6.8,72.7,5.3,75,290,1,12,24,20,3.9,17.1,4.4,91,4.5,406,1,0,
Sterling Shepard,31,TAM,WR,14,5,51,32,334,10.4,1,16,49,30,230.00%,23.9,62.7,6.5,8,69,0,4,62.5,24,8.6,4.9,0.6,40,10.1,403,1,0,
Tim Patrick,31,DET,WR,16,9,44,33,394,11.9,3,20,56.8,42,210.00%,24.6,75,9,0,0,0,0,,,,0,0,33,11.9,394,3,0,AP CPoY-6
Tyler Boyd,30,TEN,WR,16,8,57,39,390,10,0,20,49.1,40,240.00%,24.4,68.4,6.8,1,3,0,1,100,3,3,0.2,0.1,40,9.8,393,0,0,
Jordan Akins,32,CLE,TE,17,6,58,40,390,9.8,2,20,51.7,21,240.00%,22.9,69,6.7,0,0,0,0,,,,0,0,40,9.8,390,2,1,
Parker Washington,22,JAX,WR,17,7,51,32,390,12.2,3,19,52.9,30,190.00%,22.9,62.7,7.6,0,0,0,0,,,,0,0,32,12.2,390,3,2,
Isiah Pacheco,25,KAN,RB,7,6,16,12,79,6.6,0,4,37.5,23,170.00%,11.3,75,4.9,83,310,1,14,53,34,3.7,44.3,11.9,95,4.1,389,1,0,
Diontae Johnson,28,3TM,WR,12,8,67,33,375,11.4,3,21,37.3,39,280.00%,31.3,49.3,5.6,2,6,0,1,50,4,3,0.5,0.2,35,10.9,381,3,0,
Diontae Johnson,28,CAR,WR,7,7,58,30,357,11.9,3,20,39.7,39,430.00%,51,51.7,6.2,2,6,0,1,50,4,3,0.9,0.3,32,11.3,363,3,0,
Diontae Johnson,28,BAL,WR,4,1,5,1,6,6,0,0,20,6,30.00%,1.5,20,1.2,0,0,0,0,,,,0,0,1,6,6,0,0,
,,,,,,Receiving,,,,,,,,,,,,Rushing,,,,,,,,,Scrimmage,,,,,
Player,Age,Team,Pos,G,GS,Tgt,Rec,Yds,Y/R,TD,1D,Succ%,Lng,R/G,Y/G,Ctch%,Y/Tgt,Att,Yds,TD,1D,Succ%,Lng,Y/A,Y/G,A/G,Touch,Y/Tch,YScm,RRTD,Fmb,Awards
Diontae Johnson,28,HOU,WR,1,0,4,2,12,6,0,1,25,10,200.00%,12,50,3,0,0,0,0,,,,0,0,2,6,12,0,0,
Christian Kirk,28,JAX,WR,8,7,47,27,379,14,1,18,48.9,61,340.00%,47.4,57.4,8.1,0,0,0,0,,,,0,0,27,14,379,1,0,
Mack Hollins,31,BUF,WR,17,13,50,31,378,12.2,5,25,58,44,180.00%,22.2,62,7.6,0,0,0,0,,,,0,0,31,12.2,378,5,0,
Baker Mayfield,29,TAM,QB,17,17,0,0,0,,0,0,,,0.00%,0,,,60,378,3,24,51.7,28,6.3,22.2,3.5,60,6.3,378,3,13,"PB,AP MVP-11,AP OPoY-11"
Rashid Shaheed,26,NOR,WR,6,5,41,20,349,17.5,3,12,41.5,70,330.00%,58.2,48.8,8.5,6,29,0,2,50,13,4.8,4.8,1,26,14.5,378,3,1,
Brandon Aiyuk,26,SFO,WR,7,7,47,25,374,15,0,19,48.9,53,360.00%,53.4,53.2,8,0,0,0,0,,,,0,0,25,15,374,0,0,
Greg Dortch,26,ARI,WR,17,4,50,37,342,9.2,3,16,50,39,220.00%,20.1,74,6.8,5,31,0,1,100,8,6.2,1.8,0.3,42,8.9,373,3,3,
Gus Edwards,29,LAC,RB,11,6,5,3,6,2,0,0,0,3,30.00%,0.5,60,1.2,101,365,4,17,49.5,43,3.6,33.2,9.2,104,3.6,371,4,0,
Evan Engram,30,JAX,TE,9,9,64,47,365,7.8,1,17,45.3,24,520.00%,40.6,73.4,5.7,0,0,0,0,,,,0,0,47,7.8,365,1,1,
Nick Chubb,29,CLE,RB,8,8,11,5,31,6.2,1,3,27.3,19,60.00%,3.9,45.5,2.8,102,332,3,17,41.2,19,3.3,41.5,12.8,107,3.4,363,4,1,AP CPoY-8
Miles Sanders,27,CAR,RB,11,2,30,24,148,6.2,1,5,23.3,33,220.00%,13.5,80,4.9,55,205,2,12,45.5,26,3.7,18.6,5,79,4.5,353,3,1,
David Moore,29,CAR,WR,17,5,57,32,351,11,3,18,49.1,21,190.00%,20.6,56.1,6.2,1,0,0,0,0,,0,0,0.1,33,10.6,351,3,0,
Trey Benson,21,ARI,RB,13,1,6,6,59,9.8,0,3,100,19,50.00%,4.5,100,9.8,63,291,1,16,49.2,20,4.6,22.4,4.8,69,5.1,350,1,1,
Christian McCaffrey,28,SFO,RB,4,4,19,15,146,9.7,0,6,52.6,30,380.00%,36.5,78.9,7.7,50,202,0,12,44,19,4,50.5,12.5,65,5.4,348,0,1,
Ja'Tavion Sanders,21,CAR,TE,16,8,43,33,342,10.4,1,13,51.2,46,210.00%,21.4,76.7,8,0,0,0,0,,,,0,0,33,10.4,342,1,1,
Audric Estime,21,DEN,RB,13,1,5,5,27,5.4,0,2,40,13,40.00%,2.1,100,5.4,76,310,2,15,51.3,21,4.1,23.8,5.8,81,4.2,337,2,2,
Dyami Brown,25,WAS,WR,16,3,40,30,308,10.3,1,13,47.5,51,190.00%,19.3,75,7.7,3,26,0,1,100,14,8.7,1.6,0.2,33,10.1,334,1,1,
Cedric Tillman,24,CLE,WR,11,6,49,29,339,11.7,3,15,49,38,260.00%,30.8,59.2,6.9,1,-5,0,0,0,,-5,-0.5,0.1,30,11.1,334,3,1,
Theo Johnson,23,NYG,TE,12,11,43,29,331,11.4,1,16,51.2,35,240.00%,27.6,67.4,7.7,0,0,0,0,,,,0,0,29,11.4,331,1,0,
Emari Demercado,25,ARI,RB,13,0,20,16,104,6.5,0,3,35,24,120.00%,8,80,5.2,24,223,1,8,50,53,9.3,17.2,1.8,40,8.2,327,1,0,
Brock Purdy,25,SFO,QB,15,15,0,0,0,,0,0,,,0.00%,0,,,66,323,5,33,63.6,16,4.9,21.5,4.4,66,4.9,323,5,7,
Adonai Mitchell,22,IND,WR,17,7,55,23,312,13.6,0,16,36.4,36,140.00%,18.4,41.8,5.7,4,6,0,1,50,10,1.5,0.4,0.2,27,11.8,318,0,2,
Kendrick Bourne,29,NWE,WR,12,9,38,28,305,10.9,1,13,55.3,37,230.00%,25.4,73.7,8,1,6,0,1,100,6,6,0.5,0.1,29,10.7,311,1,0,
Dawson Knox,28,BUF,TE,16,13,33,22,311,14.1,1,12,63.6,39,140.00%,19.4,66.7,9.4,0,0,0,0,,,,0,0,22,14.1,311,1,0,
Dare Ogunbowale,30,HOU,RB,17,1,28,19,198,10.4,1,8,35.7,31,110.00%,11.6,67.9,7.1,30,112,0,5,36.7,35,3.7,6.6,1.8,49,6.3,310,1,0,
,,,,,,Receiving,,,,,,,,,,,,Rushing,,,,,,,,,Scrimmage,,,,,
Player,Age,Team,Pos,G,GS,Tgt,Rec,Yds,Y/R,TD,1D,Succ%,Lng,R/G,Y/G,Ctch%,Y/Tgt,Att,Yds,TD,1D,Succ%,Lng,Y/A,Y/G,A/G,Touch,Y/Tch,YScm,RRTD,Fmb,Awards
Patrick Mahomes,29,KAN,QB,16,16,1,1,2,2,0,0,0,2,10.00%,0.1,100,2,58,307,2,22,50,33,5.3,19.2,3.6,59,5.2,309,2,2,"AP MVP-6,AP OPoY-17"
Justin Herbert,26,LAC,QB,17,17,0,0,0,,0,0,,,0.00%,0,,,69,306,2,23,46.4,41,4.4,18,4.1,69,4.4,306,2,6,"AP MVP-9,AP CPoY-12"
Jordan Whittington,24,LAR,WR,15,3,28,22,293,13.3,0,14,75,50,150.00%,19.5,78.6,10.5,2,12,0,2,100,7,6,0.8,0.1,24,12.7,305,0,0,
Grant Calcaterra,26,PHI,TE,17,13,30,24,298,12.4,1,15,63.3,34,140.00%,17.5,80,9.9,0,0,0,0,,,,0,0,24,12.4,298,1,0,
Mike Williams,30,2TM,WR,18,5,34,21,298,14.2,1,14,50,32,120.00%,16.6,61.8,8.8,0,0,0,0,,,,0,0,21,14.2,298,1,0,
Mike Williams,30,NYJ,WR,9,3,21,12,166,13.8,0,9,52.4,22,130.00%,18.4,57.1,7.9,0,0,0,0,,,,0,0,12,13.8,166,0,0,
Mike Williams,30,PIT,WR,9,2,13,9,132,14.7,1,5,46.2,32,100.00%,14.7,69.2,10.2,0,0,0,0,,,,0,0,9,14.7,132,1,0,
Ezekiel Elliott,29,DAL,RB,15,2,15,12,69,5.8,0,3,46.7,15,80.00%,4.6,80,4.6,74,226,3,14,43.2,11,3.1,15.1,4.9,86,3.4,295,3,1,
Dameon Pierce,24,HOU,RB,11,0,4,2,2,1,0,0,0,1,20.00%,0.2,50,0.5,40,293,2,7,42.5,92,7.3,26.6,3.6,42,7,295,2,1,
Colby Parkinson,25,LAR,TE,17,9,49,30,294,9.8,1,15,53.1,23,180.00%,17.3,61.2,6,0,0,0,0,,,,0,0,30,9.8,294,1,0,
Lil'Jordan Humphrey,26,DEN,WR,17,7,45,31,293,9.5,1,12,46.7,41,180.00%,17.2,68.9,6.5,0,0,0,0,,,,0,0,31,9.5,293,1,2,
Tyler Johnson,26,LAR,WR,15,2,41,26,291,11.2,1,10,43.9,63,170.00%,19.4,63.4,7.1,0,0,0,0,,,,0,0,26,11.2,291,1,0,
Justin Fields,25,PIT,QB,10,6,0,0,0,,0,0,,,0.00%,0,,,62,289,5,19,54.8,30,4.7,28.9,6.2,62,4.7,289,5,6,
Rashee Rice,24,KAN,WR,4,4,29,24,288,12,2,15,65.5,44,600.00%,72,82.8,9.9,1,1,0,1,100,1,1,0.3,0.3,25,11.6,289,2,0,
Justin Watson,28,KAN,WR,17,7,32,22,289,13.1,2,13,56.3,49,130.00%,17,68.8,9,0,0,0,0,,,,0,0,22,13.1,289,2,0,
Jeremy McNichols,29,WAS,RB,17,1,12,9,27,3,0,1,25,10,50.00%,1.6,75,2.3,55,261,4,15,58.2,28,4.7,15.4,3.2,64,4.5,288,4,0,
D'Onta Foreman,28,CLE,RB,11,3,8,6,54,9,0,1,37.5,16,50.00%,4.9,75,6.8,71,232,0,10,39.4,25,3.3,21.1,6.5,77,3.7,286,0,2,
Van Jefferson,28,PIT,WR,17,12,40,24,276,11.5,2,12,47.5,43,140.00%,16.2,60,6.9,0,0,0,0,,,,0,0,24,11.5,276,2,0,
Geno Smith,34,SEA,QB,17,17,0,0,0,,0,0,,,0.00%,0,,,53,272,2,17,35.8,34,5.1,16,3.1,53,5.1,272,2,9,
Troy Franklin,21,DEN,WR,16,6,53,28,263,9.4,2,11,35.8,30,180.00%,16.4,52.8,5,2,8,0,0,50,5,4,0.5,0.1,30,9,271,2,0,
Curtis Samuel,28,BUF,WR,14,2,46,31,253,8.2,1,9,37,38,220.00%,18.1,67.4,5.5,5,14,0,0,40,7,2.8,1,0.4,36,7.4,267,1,0,
Blake Corum,24,LAR,RB,17,1,8,7,58,8.3,0,5,87.5,12,40.00%,3.4,87.5,7.3,58,207,0,12,43.1,12,3.6,12.2,3.4,65,4.1,265,0,0,
Daniel Jones,27,NYG,QB,10,10,0,0,0,,0,0,,,0.00%,0,,,67,265,2,26,59.7,24,4,26.5,6.7,67,4,265,2,4,
Josh Oliver,27,MIN,TE,15,12,28,22,258,11.7,3,14,67.9,28,150.00%,17.2,78.6,9.2,0,0,0,0,,,,0,0,22,11.7,258,3,0,
Trey Sermon,25,IND,RB,17,3,19,16,99,6.2,0,3,31.6,14,90.00%,5.8,84.2,5.2,56,159,2,14,44.6,17,2.8,9.4,3.3,72,3.6,258,2,0,
,,,,,,Receiving,,,,,,,,,,,,Rushing,,,,,,,,,Scrimmage,,,,,
Player,Age,Team,Pos,G,GS,Tgt,Rec,Yds,Y/R,TD,1D,Succ%,Lng,R/G,Y/G,Ctch%,Y/Tgt,Att,Yds,TD,1D,Succ%,Lng,Y/A,Y/G,A/G,Touch,Y/Tch,YScm,RRTD,Fmb,Awards
Jaylen Wright,21,MIA,RB,15,1,6,3,8,2.7,0,1,16.7,6,20.00%,0.5,50,1.3,68,249,0,11,39.7,20,3.7,16.6,4.5,71,3.6,257,0,1,
Brandin Cooks,31,DAL,WR,10,9,54,26,259,10,3,19,44.4,29,260.00%,25.9,48.1,4.8,3,-3,0,0,33.3,5,-1,-0.3,0.3,29,8.8,256,3,0,
Roschon Johnson,23,CHI,RB,14,0,20,16,104,6.5,0,6,40,17,110.00%,7.4,80,5.2,55,150,6,17,56.4,9,2.7,10.7,3.9,71,3.6,254,6,0,
John Metchie,24,HOU,WR,13,3,37,24,254,10.6,1,11,48.6,28,180.00%,19.5,64.9,6.9,0,0,0,0,,,,0,0,24,10.6,254,1,1,
Chris Brooks,24,GNB,RB,15,0,13,11,69,6.3,0,2,46.2,15,70.00%,4.6,84.6,5.3,36,183,1,12,55.6,23,5.1,12.2,2.4,47,5.4,252,1,0,
Isaiah Davis,22,NYJ,RB,17,0,12,9,75,8.3,1,4,41.7,24,50.00%,4.4,75,6.3,30,174,1,10,63.3,20,5.8,10.2,1.8,39,6.4,249,2,0,
Bryce Young,23,CAR,QB,14,12,0,0,0,,0,0,,,0.00%,0,,,43,249,6,15,53.5,34,5.8,17.8,3.1,43,5.8,249,6,5,
Malik Washington,23,MIA,WR,14,3,36,26,223,8.6,0,13,55.6,20,190.00%,15.9,72.2,6.2,5,25,1,1,60,18,5,1.8,0.4,31,8,248,1,1,
Josh Whyle,25,TEN,TE,17,4,37,28,248,8.9,1,14,51.4,33,160.00%,14.6,75.7,6.7,0,0,0,0,,,,0,0,28,8.9,248,1,0,
AJ Barner,22,SEA,TE,17,6,38,30,245,8.2,4,18,63.2,20,180.00%,14.4,78.9,6.4,0,0,0,0,,,,0,0,30,8.2,245,4,0,
Luke Schoonmaker,26,DAL,TE,17,6,36,27,241,8.9,1,11,55.6,24,160.00%,14.2,75,6.7,0,0,0,0,,,,0,0,27,8.9,241,1,0,
Gabriel Davis,25,JAX,WR,10,9,42,20,239,12,2,13,40.5,22,200.00%,23.9,47.6,5.7,0,0,0,0,,,,0,0,20,12,239,2,1,
D'Ernest Johnson,28,JAX,RB,14,1,19,12,96,8,0,3,26.3,26,90.00%,6.9,63.2,5.1,32,143,0,7,50,22,4.5,10.2,2.3,44,5.4,239,0,0,
Tommy Tremble,24,CAR,TE,12,11,32,23,234,10.2,2,12,50,38,190.00%,19.5,71.9,7.3,0,0,0,0,,,,0,0,23,10.2,234,2,1,
C.J. Stroud,23,HOU,QB,17,17,1,0,0,,0,0,0,,0.00%,0,0,0,52,233,0,14,38.5,25,4.5,13.7,3.1,52,4.5,233,0,6,
Nelson Agholor,31,BAL,WR,14,7,29,14,231,16.5,2,10,37.9,56,100.00%,16.5,48.3,8,0,0,0,0,,,,0,0,14,16.5,231,2,0,
JuJu Smith-Schuster,28,KAN,WR,14,8,26,18,231,12.8,2,11,53.8,50,130.00%,16.5,69.2,8.9,0,0,0,0,,,,0,0,18,12.8,231,2,0,
Jahan Dotson,24,PHI,WR,17,6,33,19,216,11.4,0,12,48.5,36,110.00%,12.7,57.6,6.5,1,13,0,1,100,13,13,0.8,0.1,20,11.5,229,0,0,
Kyle Juszczyk,33,SFO,FB,17,15,31,19,200,10.5,2,8,48.4,36,110.00%,11.8,61.3,6.5,5,26,1,1,20,14,5.2,1.5,0.3,24,9.4,226,3,1,"PB,AP-2"
Ty Chandler,26,MIN,RB,17,0,6,6,42,7,0,2,66.7,10,40.00%,2.5,100,7,56,182,0,9,37.5,25,3.3,10.7,3.3,62,3.6,224,0,0,
Jamaal Williams,29,NOR,RB,14,1,11,9,57,6.3,0,3,54.5,13,60.00%,4.1,81.8,5.2,48,164,1,11,47.9,14,3.4,11.7,3.4,57,3.9,221,1,0,
Kimani Vidal,23,LAC,RB,10,0,9,5,62,12.4,1,2,33.3,38,50.00%,6.2,55.6,6.9,43,155,0,7,32.6,19,3.6,15.5,4.3,48,4.5,217,1,1,
Cordarrelle Patterson,33,PIT,RB,13,1,14,12,80,6.7,1,5,50,20,90.00%,6.2,85.7,5.7,32,135,0,7,43.8,14,4.2,10.4,2.5,44,4.9,215,1,1,
Kalif Raymond,30,DET,WR,12,2,22,17,215,12.6,2,10,59.1,38,140.00%,17.9,77.3,9.8,2,0,0,1,50,,0,0,0.2,19,11.3,215,2,0,AP-2
Tyler Goodson,24,IND,RB,16,0,15,11,61,5.5,1,3,33.3,24,70.00%,3.8,73.3,4.1,32,153,1,6,46.9,33,4.8,9.6,2,43,5,214,2,0,
,,,,,,Receiving,,,,,,,,,,,,Rushing,,,,,,,,,Scrimmage,,,,,
Player,Age,Team,Pos,G,GS,Tgt,Rec,Yds,Y/R,TD,1D,Succ%,Lng,R/G,Y/G,Ctch%,Y/Tgt,Att,Yds,TD,1D,Succ%,Lng,Y/A,Y/G,A/G,Touch,Y/Tch,YScm,RRTD,Fmb,Awards
Zamir White,25,LVR,RB,8,5,8,6,30,5,0,2,25,14,80.00%,3.8,75,3.8,65,183,1,4,26.2,17,2.8,22.9,8.1,71,3,213,1,2,
Sam Darnold,27,MIN,QB,17,17,0,0,0,,0,0,,,0.00%,0,,,67,212,1,23,41.8,19,3.2,12.5,3.9,67,3.2,212,1,8,"PB,AP MVP-10,AP CPoY-3"
Sincere McCormick,24,LVR,RB,5,2,7,6,29,4.8,0,2,42.9,15,120.00%,5.8,85.7,4.1,39,183,0,10,53.8,29,4.7,36.6,7.8,45,4.7,212,0,0,
Pierre Strong,26,CLE,RB,14,0,22,14,104,7.4,0,3,22.7,21,100.00%,7.4,63.6,4.7,26,108,0,6,46.2,19,4.2,7.7,1.9,40,5.3,212,0,0,
Cedrick Wilson Jr.,29,NOR,WR,15,4,27,20,211,10.6,1,8,48.1,25,130.00%,14.1,74.1,7.8,0,0,0,0,,,,0,0,20,10.6,211,1,1,
Carson Steele,22,KAN,RB,17,3,11,7,26,3.7,0,0,18.2,9,40.00%,1.5,63.6,2.4,56,183,0,14,55.4,9,3.3,10.8,3.3,63,3.3,209,0,3,
Stone Smartt,26,LAC,TE,15,2,19,16,208,13,0,11,68.4,31,110.00%,13.9,84.2,10.9,0,0,0,0,,,,0,0,16,13,208,0,1,
Patrick Taylor,26,SFO,RB,13,1,11,3,25,8.3,0,2,18.2,12,20.00%,1.9,27.3,2.3,39,183,1,11,53.8,29,4.7,14.1,3,42,5,208,1,0,
Robert Woods,32,HOU,WR,15,4,30,20,203,10.2,0,12,50,32,130.00%,13.5,66.7,6.8,0,0,0,0,,,,0,0,20,10.2,203,0,3,
Joe Burrow,28,CIN,QB,17,17,0,0,0,,0,0,,,0.00%,0,,,42,201,2,16,47.6,47,4.8,11.8,2.5,42,4.8,201,2,11,"PB,AP MVP-4,AP OPoY-5,AP CPoY-1"
Darnell Washington,23,PIT,TE,17,9,25,19,200,10.5,1,9,68,29,110.00%,11.8,76,8,0,0,0,0,,,,0,0,19,10.5,200,1,0,
Kenny McIntosh,24,SEA,RB,17,0,4,3,22,7.3,0,1,50,15,20.00%,1.3,75,5.5,31,172,0,8,51.6,25,5.5,10.1,1.8,34,5.7,194,0,0,
Josh Reynolds,29,2TM,WR,9,2,24,13,194,14.9,1,8,45.8,49,140.00%,21.6,54.2,8.1,0,0,0,0,,,,0,0,13,14.9,194,1,0,
Josh Reynolds,29,DEN,WR,5,1,19,12,183,15.3,1,8,57.9,49,240.00%,36.6,63.2,9.6,0,0,0,0,,,,0,0,12,15.3,183,1,0,
Josh Reynolds,29,JAX,WR,4,1,5,1,11,11,0,0,0,11,30.00%,2.8,20,2.2,0,0,0,0,,,,0,0,1,11,11,0,0,
Tylan Wallace,25,BAL,WR,17,0,12,11,193,17.5,1,5,66.7,84,60.00%,11.4,91.7,16.1,0,0,0,0,,,,0,0,11,17.5,193,1,1,
DJ Turner,27,LVR,WR,12,6,29,16,158,9.9,1,9,37.9,30,130.00%,13.2,55.2,5.4,5,33,1,1,60,18,6.6,2.8,0.4,21,9.1,191,2,1,
Michael Carter,25,ARI,RB,3,1,11,11,57,5.2,0,2,63.6,18,370.00%,19,100,5.2,35,131,1,9,57.1,13,3.7,43.7,11.7,46,4.1,188,1,0,
Adam Trautman,27,DEN,TE,17,14,22,13,188,14.5,2,8,40.9,37,80.00%,11.1,59.1,8.5,0,0,0,0,,,,0,0,13,14.5,188,2,0,
Chris Rodriguez,24,WAS,RB,9,0,1,1,12,12,0,1,100,12,10.00%,1.3,100,12,35,173,2,10,74.3,25,4.9,19.2,3.9,36,5.1,185,2,0,
Will Levis,25,TEN,QB,12,12,0,0,0,,0,0,,,0.00%,0,,,45,183,0,20,48.9,21,4.1,15.3,3.8,45,4.1,183,0,10,
Kylen Granson,26,IND,TE,17,6,31,14,182,13,0,8,38.7,40,80.00%,10.7,45.2,5.9,0,0,0,0,,,,0,0,14,13,182,0,0,
Kendre Miller,22,NOR,RB,6,2,8,5,33,6.6,0,2,37.5,16,80.00%,5.5,62.5,4.1,39,148,1,11,48.7,17,3.8,24.7,6.5,44,4.1,181,1,0,
Craig Reynolds,28,DET,RB,17,0,5,3,40,13.3,0,2,60,26,20.00%,2.4,60,8,31,139,0,6,54.8,19,4.5,8.2,1.8,34,5.3,179,0,1,
Jalen Brooks,24,DAL,WR,14,1,30,12,177,14.8,1,8,33.3,41,90.00%,12.6,40,5.9,0,0,0,0,,,,0,0,12,14.8,177,1,0,
,,,,,,Receiving,,,,,,,,,,,,Rushing,,,,,,,,,Scrimmage,,,,,
Player,Age,Team,Pos,G,GS,Tgt,Rec,Yds,Y/R,TD,1D,Succ%,Lng,R/G,Y/G,Ctch%,Y/Tgt,Att,Yds,TD,1D,Succ%,Lng,Y/A,Y/G,A/G,Touch,Y/Tch,YScm,RRTD,Fmb,Awards
Elijah Higgins,24,ARI,TE,17,6,24,20,172,8.6,2,10,70.8,23,120.00%,10.1,83.3,7.2,0,0,0,0,,,,0,0,20,8.6,172,2,0,
Trey Palmer,23,TAM,WR,15,3,22,12,172,14.3,1,7,40.9,27,80.00%,11.5,54.5,7.8,0,0,0,0,,,,0,0,12,14.3,172,1,1,
Jonathan Mingo,23,2TM,WR,17,6,42,17,167,9.8,0,6,28.6,35,100.00%,9.8,40.5,4,2,5,0,0,0,3,2.5,0.3,0.1,19,9.1,172,0,1,
Jonathan Mingo,23,CAR,WR,9,5,26,12,121,10.1,0,4,30.8,35,130.00%,13.4,46.2,4.7,2,5,0,0,0,3,2.5,0.6,0.2,14,9,126,0,1,
Jonathan Mingo,23,DAL,WR,8,1,16,5,46,9.2,0,2,25,14,60.00%,5.8,31.3,2.9,0,0,0,0,,,,0,0,5,9.2,46,0,0,
Luke McCaffrey,23,WAS,WR,17,4,24,18,168,9.3,0,8,50,30,110.00%,9.9,75,7,0,0,0,0,,,,0,0,18,9.3,168,0,0,
Kevin Austin,24,NOR,WR,8,2,22,11,151,13.7,0,10,45.5,23,140.00%,18.9,50,6.9,1,9,0,0,100,9,9,1.1,0.1,12,13.3,160,0,1,
Erick All,24,CIN,TE,9,6,22,20,158,7.9,0,8,63.6,28,220.00%,17.6,90.9,7.2,0,0,0,0,,,,0,0,20,7.9,158,0,0,
Michael Mayer,23,LVR,TE,11,8,32,21,156,7.4,0,8,53.1,29,190.00%,14.2,65.6,4.9,0,0,0,0,,,,0,0,21,7.4,156,0,0,
Tanner Hudson,30,CIN,TE,11,0,23,19,154,8.1,1,9,65.2,19,170.00%,14,82.6,6.7,1,1,0,1,100,1,1,0.1,0.1,20,7.8,155,1,1,
Russell Wilson,36,PIT,QB,11,11,0,0,0,,0,0,,,0.00%,0,,,43,155,2,16,46.5,19,3.6,14.1,3.9,43,3.6,155,2,5,"PB,AP CPoY-14"
Khalil Herbert,26,2TM,RB,14,1,11,10,25,2.5,0,0,27.3,7,70.00%,1.8,90.9,2.3,36,130,1,10,55.6,14,3.6,9.3,2.6,46,3.4,155,1,1,
Khalil Herbert,26,CHI,RB,6,0,2,2,4,2,0,0,0,2,30.00%,0.7,100,2,8,16,1,3,62.5,6,2,2.7,1.3,10,2,20,1,0,
Khalil Herbert,26,CIN,RB,8,1,9,8,21,2.6,0,0,33.3,7,100.00%,2.6,88.9,2.3,28,114,0,7,53.6,14,4.1,14.3,3.5,36,3.8,135,0,1,
Mecole Hardman,26,KAN,WR,12,0,14,12,90,7.5,0,6,57.1,17,100.00%,7.5,85.7,6.4,5,62,1,2,100,20,12.4,5.2,0.4,17,8.9,152,1,0,
Lucas Krull,26,DEN,TE,13,2,23,19,152,8,0,7,47.8,23,150.00%,11.7,82.6,6.6,0,0,0,0,,,,0,0,19,8,152,0,0,
Derius Davis,24,LAC,WR,15,2,17,13,112,8.6,2,5,52.9,23,90.00%,7.5,76.5,6.6,12,39,0,2,50,10,3.3,2.6,0.8,25,6,151,2,3,
Hunter Luepke,24,DAL,RB,16,4,16,12,111,9.3,0,5,50,24,80.00%,6.9,75,6.9,12,38,0,6,50,10,3.2,2.4,0.8,24,6.2,149,0,0,
Deshaun Watson,29,CLE,QB,7,7,0,0,0,,0,0,,,0.00%,0,,,31,148,1,8,41.9,16,4.8,21.1,4.4,31,4.8,148,1,5,
Mo Alie-Cox,31,IND,TE,17,13,22,12,147,12.3,1,7,54.5,22,70.00%,8.6,54.5,6.7,0,0,0,0,,,,0,0,12,12.3,147,1,0,
Spencer Rattler,24,NOR,QB,7,6,0,0,0,,0,0,,,0.00%,0,,,18,146,0,7,72.2,28,8.1,20.9,2.6,18,8.1,146,0,5,
Bo Melton,25,GNB,WR,17,0,17,8,91,11.4,0,5,41.2,28,50.00%,5.4,47.1,5.4,8,54,0,4,62.5,16,6.8,3.2,0.5,16,9.1,145,0,0,
Johnny Mundt,30,MIN,TE,17,3,27,19,142,7.5,2,8,44.4,20,110.00%,8.4,70.4,5.3,0,0,0,0,,,,0,0,19,7.5,142,2,0,
Jordan Mims,25,NOR,RB,11,0,18,12,71,5.9,0,4,22.2,25,110.00%,6.5,66.7,3.9,20,70,0,2,40,9,3.5,6.4,1.8,32,4.4,141,0,0,
Hassan Haskins,25,LAC,RB,17,0,3,3,49,16.3,1,2,100,34,20.00%,2.9,100,16.3,34,89,2,13,50,12,2.6,5.2,2,37,3.7,138,3,1,
,,,,,,Receiving,,,,,,,,,,,,Rushing,,,,,,,,,Scrimmage,,,,,
Player,Age,Team,Pos,G,GS,Tgt,Rec,Yds,Y/R,TD,1D,Succ%,Lng,R/G,Y/G,Ctch%,Y/Tgt,Att,Yds,TD,1D,Succ%,Lng,Y/A,Y/G,A/G,Touch,Y/Tch,YScm,RRTD,Fmb,Awards
Malik Willis,25,GNB,QB,7,2,0,0,0,,0,0,,,0.00%,0,,,20,138,1,6,50,29,6.9,19.7,2.9,20,6.9,138,1,1,
Tyler Huntley,26,MIA,QB,5,5,0,0,0,,0,0,,,0.00%,0,,,26,135,2,10,50,20,5.2,27,5.2,26,5.2,135,2,6,
Nick Vannett,31,TEN,TE,17,10,20,17,135,7.9,3,7,75,24,100.00%,7.9,85,6.8,0,0,0,0,,,,0,0,17,7.9,135,3,0,
Charlie Kolar,25,BAL,TE,13,3,11,9,131,14.6,1,4,72.7,55,70.00%,10.1,81.8,11.9,1,2,0,1,100,2,2,0.2,0.1,10,13.3,133,1,0,
Drew Lock,28,NYG,QB,8,5,0,0,0,,0,0,,,0.00%,0,,,18,133,2,9,50,28,7.4,16.6,2.3,18,7.4,133,2,5,
Ronnie Rivers,25,LAR,RB,17,0,6,5,34,6.8,0,1,50,14,30.00%,2,83.3,5.7,22,99,0,6,54.5,12,4.5,5.8,1.3,27,4.9,133,0,0,
Cade Stover,24,HOU,TE,15,9,22,15,133,8.9,1,5,40.9,27,100.00%,8.9,68.2,6,0,0,0,0,,,,0,0,15,8.9,133,1,0,
KhaDarel Hodge,29,ATL,WR,17,2,12,7,131,18.7,1,6,50,45,40.00%,7.7,58.3,10.9,0,0,0,0,,,,0,0,7,18.7,131,1,0,PB
Jamycal Hasty,28,NWE,RB,15,0,12,10,59,5.9,1,2,41.7,16,70.00%,3.9,83.3,4.9,20,69,0,4,45,15,3.5,4.6,1.3,30,4.3,128,1,0,
Ryan Miller,24,TAM,WR,11,3,20,12,128,10.7,2,7,45,39,110.00%,11.6,60,6.4,0,0,0,0,,,,0,0,12,10.7,128,2,0,
Daniel Bellinger,24,NYG,TE,17,8,17,14,125,8.9,0,8,64.7,17,80.00%,7.4,82.4,7.4,0,0,0,0,,,,0,0,14,8.9,125,0,0,
Rakim Jarrett,23,TAM,WR,10,2,11,9,124,13.8,0,5,72.7,30,90.00%,12.4,81.8,11.3,0,0,0,0,,,,0,0,9,13.8,124,0,0,
Dorian Thompson-Robinson,25,CLE,QB,7,2,0,0,0,,0,0,,,0.00%,0,,,21,122,0,9,61.9,34,5.8,17.4,3,21,5.8,122,0,3,
Dante Pettis,29,NOR,WR,8,0,28,12,120,10,1,8,35.7,20,150.00%,15,42.9,4.3,0,0,0,0,,,,0,0,12,10,120,1,0,
Bub Means,23,NOR,WR,7,1,15,9,118,13.1,1,7,53.3,36,130.00%,16.9,60,7.9,0,0,0,0,,,,0,0,9,13.1,118,1,0,
Xavier Hutchinson,24,HOU,WR,16,3,26,12,117,9.8,0,6,34.6,19,80.00%,7.3,46.2,4.5,0,0,0,0,,,,0,0,12,9.8,117,0,0,
Will Shipley,22,PHI,RB,16,1,4,4,35,8.8,0,2,75,13,30.00%,2.2,100,8.8,30,82,0,2,26.7,9,2.7,5.1,1.9,34,3.4,117,0,0,
Nate Adkins,25,DEN,TE,17,10,15,14,115,8.2,3,6,73.3,16,80.00%,6.8,93.3,7.7,0,0,0,0,,,,0,0,14,8.2,115,3,0,
Payne Durham,24,TAM,TE,16,6,14,11,115,10.5,2,5,71.4,31,70.00%,7.2,78.6,8.2,0,0,0,0,,,,0,0,11,10.5,115,2,1,
Trevor Lawrence,25,JAX,QB,10,10,0,0,-5,,0,0,,-5,0.00%,-0.5,,,26,119,3,13,57.7,33,4.6,11.9,2.6,26,4.4,114,3,3,
Julius Chestnut,24,TEN,RB,17,0,3,2,11,5.5,0,0,33.3,9,10.00%,0.6,66.7,3.7,22,102,0,2,45.5,12,4.6,6,1.3,24,4.7,113,0,0,
Eric Gray,25,NYG,RB,17,0,11,10,82,8.2,0,3,54.5,19,60.00%,4.8,90.9,7.5,14,31,0,1,28.6,6,2.2,1.8,0.8,24,4.7,113,0,3,
Alec Ingold,28,MIA,FB,15,10,12,11,96,8.7,0,3,66.7,25,70.00%,6.4,91.7,8,10,17,1,6,60,6,1.7,1.1,0.7,21,5.4,113,1,2,
Ashton Dulin,27,IND,WR,15,2,8,2,67,33.5,1,2,25,54,10.00%,4.5,25,8.4,5,45,0,2,100,12,9,3,0.3,7,16,112,1,0,
Andrew Ogletree,26,IND,TE,17,6,14,9,109,12.1,1,6,42.9,22,50.00%,6.4,64.3,7.8,0,0,0,0,,,,0,0,9,12.1,109,1,0,
,,,,,,Receiving,,,,,,,,,,,,Rushing,,,,,,,,,Scrimmage,,,,,
Player,Age,Team,Pos,G,GS,Tgt,Rec,Yds,Y/R,TD,1D,Succ%,Lng,R/G,Y/G,Ctch%,Y/Tgt,Att,Yds,TD,1D,Succ%,Lng,Y/A,Y/G,A/G,Touch,Y/Tch,YScm,RRTD,Fmb,Awards
Jake Bobo,26,SEA,WR,17,3,17,13,107,8.2,1,8,58.8,15,80.00%,6.3,76.5,6.3,0,0,0,0,,,,0,0,13,8.2,107,1,0,
Jermaine Burton,23,CIN,WR,14,1,14,4,107,26.8,0,4,28.6,47,30.00%,7.6,28.6,7.6,0,0,0,0,,,,0,0,4,26.8,107,0,0,
Aaron Rodgers,41,NYJ,QB,17,17,0,0,0,,0,0,,,0.00%,0,,,22,107,0,7,40.9,18,4.9,6.3,1.3,22,4.9,107,0,5,AP CPoY-7
Simi Fehoko,27,LAC,WR,8,2,16,6,106,17.7,0,6,37.5,30,80.00%,13.3,37.5,6.6,0,0,0,0,,,,0,0,6,17.7,106,0,0,
Mason Rudolph,29,TEN,QB,8,5,0,0,0,,0,0,,,0.00%,0,,,25,106,1,13,60,14,4.2,13.3,3.1,25,4.2,106,1,5,
Jeremy Ruckert,24,NYJ,TE,17,9,28,18,105,5.8,0,6,42.9,12,110.00%,6.2,64.3,3.8,0,0,0,0,,,,0,0,18,5.8,105,0,0,
Drew Sample,28,CIN,TE,17,15,22,20,109,5.5,1,8,63.6,12,120.00%,6.4,90.9,5,1,-4,0,0,0,,-4,-0.2,0.1,21,5,105,1,1,
Ryan Flournoy,25,DAL,WR,11,1,14,10,102,10.2,0,5,57.1,26,90.00%,9.3,71.4,7.3,0,0,0,0,,,,0,0,10,10.2,102,0,1,
Julian Hill,24,MIA,TE,16,11,19,12,100,8.3,0,5,52.6,17,80.00%,6.3,63.2,5.3,0,0,0,0,,,,0,0,12,8.3,100,0,1,
Brock Wright,26,DET,TE,17,8,16,13,100,7.7,2,7,68.8,16,80.00%,5.9,81.3,6.3,0,0,0,0,,,,0,0,13,7.7,100,2,0,
Mason Tipton,24,NOR,WR,11,1,26,14,99,7.1,0,2,26.9,15,130.00%,9,53.8,3.8,0,0,0,0,,,,0,0,14,7.1,99,0,0,
Malik Heath,24,GNB,WR,13,1,13,10,97,9.7,2,5,69.2,41,80.00%,7.5,76.9,7.5,0,0,0,0,,,,0,0,10,9.7,97,2,0,
Jalen Reagor,25,LAC,WR,8,2,12,7,100,14.3,0,3,33.3,41,90.00%,12.5,58.3,8.3,3,-3,0,0,0,1,-1,-0.4,0.4,10,9.7,97,0,1,
Eric Saubert,30,SFO,TE,17,3,14,11,97,8.8,1,5,57.1,17,60.00%,5.7,78.6,6.9,0,0,0,0,,,,0,0,11,8.8,97,1,1,
Bryce Oliver,24,TEN,WR,10,1,9,6,95,15.8,0,4,66.7,33,60.00%,9.5,66.7,10.6,0,0,0,0,,,,0,0,6,15.8,95,0,0,
Mac Jones,26,JAX,QB,10,7,0,0,0,,0,0,,,0.00%,0,,,28,92,1,12,50,13,3.3,9.2,2.8,28,3.3,92,1,2,
Marcus Mariota,31,WAS,QB,3,0,0,0,0,,0,0,,,0.00%,0,,,18,92,1,6,50,33,5.1,30.7,6,18,5.1,92,1,0,
Marquise Brown,27,KAN,WR,2,1,15,9,91,10.1,0,5,40,20,450.00%,45.5,60,6.1,0,0,0,0,,,,0,0,9,10.1,91,0,0,
Devin Culp,24,TAM,TE,5,0,6,5,88,17.6,0,4,66.7,26,100.00%,17.6,83.3,14.7,0,0,0,0,,,,0,0,5,17.6,88,0,0,
Brevyn Spann-Ford,25,DAL,TE,17,0,14,9,88,9.8,0,6,57.1,18,50.00%,5.2,64.3,6.3,0,0,0,0,,,,0,0,9,9.8,88,0,0,
Deuce Vaughn,23,DAL,RB,7,0,5,3,18,6,0,0,20,8,40.00%,2.6,60,3.6,17,70,0,2,41.2,12,4.1,10,2.4,20,4.4,88,0,0,
Jacob Cowing,23,SFO,WR,15,0,6,4,80,20,0,3,66.7,41,30.00%,5.3,66.7,13.3,1,7,0,0,100,7,7,0.5,0.1,5,17.4,87,0,2,
Ja'Lynn Polk,22,NWE,WR,15,7,33,12,87,7.3,2,4,24.2,21,80.00%,5.8,36.4,2.6,1,0,0,0,0,,0,0,0.1,13,6.7,87,2,0,
Harrison Bryant,26,LVR,TE,13,3,12,9,86,9.6,0,5,66.7,18,70.00%,6.6,75,7.2,0,0,0,0,,,,0,0,9,9.6,86,0,0,
Tyler Badie,24,DEN,RB,3,0,3,3,-2,-0.7,0,0,0,2,100.00%,-0.7,100,-0.7,11,86,0,4,54.5,43,7.8,28.7,3.7,14,6,84,0,1,
,,,,,,Receiving,,,,,,,,,,,,Rushing,,,,,,,,,Scrimmage,,,,,
Player,Age,Team,Pos,G,GS,Tgt,Rec,Yds,Y/R,TD,1D,Succ%,Lng,R/G,Y/G,Ctch%,Y/Tgt,Att,Yds,TD,1D,Succ%,Lng,Y/A,Y/G,A/G,Touch,Y/Tch,YScm,RRTD,Fmb,Awards
John Bates,27,WAS,TE,17,6,13,8,84,10.5,0,3,53.8,20,50.00%,4.9,61.5,6.5,0,0,0,0,,,,0,0,8,10.5,84,0,1,
Zay Jones,29,ARI,WR,11,2,11,8,84,10.5,0,5,63.6,25,70.00%,7.6,72.7,7.6,0,0,0,0,,,,0,0,8,10.5,84,0,0,
Jordan Love,26,GNB,QB,15,15,0,0,0,,0,0,,,0.00%,0,,,25,83,1,9,44,14,3.3,5.5,1.7,25,3.3,83,1,4,
Trent Sherfield,28,MIN,WR,17,1,9,8,83,10.4,1,4,88.9,17,50.00%,4.9,88.9,9.2,0,0,0,0,,,,0,0,8,10.4,83,1,0,
Jameis Winston,30,CLE,QB,12,7,0,0,0,,0,0,,,0.00%,0,,,25,83,1,17,76,13,3.3,6.9,2.1,25,3.3,83,1,5,
Devin Duvernay,27,JAX,WR,13,1,16,11,79,7.2,0,7,50,28,80.00%,6.1,68.8,4.9,4,3,0,1,50,4,0.8,0.2,0.3,15,5.5,82,0,1,
Raheem Blackshear,25,CAR,RB,16,1,0,0,0,,0,0,,,0.00%,0,,,15,80,0,2,46.7,26,5.3,5,0.9,15,5.3,80,0,2,
Chris Conley,32,SFO,WR,15,2,12,6,76,12.7,0,3,50,23,40.00%,5.1,50,6.3,0,0,0,0,,,,0,0,6,12.7,76,0,0,
Jeff Wilson,29,MIA,RB,9,0,3,3,19,6.3,0,0,100,7,30.00%,2.1,100,6.3,16,57,0,3,43.8,14,3.6,6.3,1.8,19,4,76,0,0,
Michael Burton,32,DEN,FB,17,2,10,10,65,6.5,1,3,60,28,60.00%,3.8,100,6.5,7,8,1,3,57.1,3,1.1,0.5,0.4,17,4.3,73,2,0,
Hayden Hurst,31,LAC,TE,9,2,13,8,73,9.1,0,2,38.5,27,90.00%,8.1,61.5,5.6,0,0,0,0,,,,0,0,8,9.1,73,0,0,
DeAndre Carter,31,CHI,WR,13,0,14,9,72,8,0,3,35.7,14,70.00%,5.5,64.3,5.1,0,0,0,0,,,,0,0,9,8,72,0,1,
Jamison Crowder,31,WAS,WR,6,1,13,9,72,8,2,4,38.5,12,150.00%,12,69.2,5.5,0,0,0,0,,,,0,0,9,8,72,2,2,
Derek Carr,33,NOR,QB,10,10,0,0,0,,0,0,,,0.00%,0,,,17,71,1,4,52.9,13,4.2,7.1,1.7,17,4.2,71,1,3,
Brandon Powell,29,MIN,WR,17,1,10,7,71,10.1,0,5,50,13,40.00%,4.2,70,7.1,0,0,0,0,,,,0,0,7,10.1,71,0,1,
Clyde Edwards-Helaire,25,NOR,RB,2,0,5,3,24,8,0,1,20,14,150.00%,12,60,4.8,13,46,0,2,46.2,12,3.5,23,6.5,16,4.4,70,0,0,
Scott Miller,27,PIT,WR,13,1,9,5,69,13.8,0,2,55.6,21,40.00%,5.3,55.6,7.7,0,0,0,0,,,,0,0,5,13.8,69,0,0,
Tyrell Shavers,25,BUF,WR,3,0,1,1,69,69,1,1,100,69,30.00%,23,100,69,0,0,0,0,,,,0,0,1,69,69,1,0,
Ben Skowronek,27,PIT,WR,10,1,5,5,69,13.8,0,4,80,23,50.00%,6.9,100,13.8,0,0,0,0,,,,0,0,5,13.8,69,0,0,
Luke Farrell,27,JAX,TE,17,8,17,12,67,5.6,0,4,52.9,11,70.00%,3.9,70.6,3.9,0,0,0,0,,,,0,0,12,5.6,67,0,0,
River Cracraft,30,MIA,WR,8,0,9,7,66,9.4,0,4,55.6,16,90.00%,8.3,77.8,7.3,0,0,0,0,,,,0,0,7,9.4,66,0,0,
Tyler Higbee,31,LAR,TE,3,3,12,8,66,8.3,2,5,58.3,17,270.00%,22,66.7,5.5,0,0,0,0,,,,0,0,8,8.3,66,2,0,
Pharaoh Brown,30,SEA,TE,15,7,12,8,65,8.1,0,2,41.7,17,50.00%,4.3,66.7,5.4,0,0,0,0,,,,0,0,8,8.1,65,0,1,
Michael Woods II,24,CLE,WR,5,2,17,7,65,9.3,0,4,29.4,16,140.00%,13,41.2,3.8,0,0,0,0,,,,0,0,7,9.3,65,0,0,
Jared Goff,30,DET,QB,17,17,1,1,7,7,1,1,100,7,10.00%,0.4,100,7,35,56,0,9,34.3,10,1.6,3.3,2.1,36,1.8,63,1,6,"PB,AP MVP-5,AP OPoY-9"
,,,,,,Receiving,,,,,,,,,,,,Rushing,,,,,,,,,Scrimmage,,,,,
Player,Age,Team,Pos,G,GS,Tgt,Rec,Yds,Y/R,TD,1D,Succ%,Lng,R/G,Y/G,Ctch%,Y/Tgt,Att,Yds,TD,1D,Succ%,Lng,Y/A,Y/G,A/G,Touch,Y/Tch,YScm,RRTD,Fmb,Awards
Jacoby Brissett,32,NWE,QB,8,5,0,0,0,,0,0,,,0.00%,0,,,15,62,0,5,53.3,16,4.1,7.8,1.9,15,4.1,62,0,4,
Jalin Hyatt,23,NYG,WR,16,3,19,8,62,7.8,0,3,31.6,19,50.00%,3.9,42.1,3.3,0,0,0,0,,,,0,0,8,7.8,62,0,0,
DeeJay Dallas,26,ARI,RB,17,0,3,3,11,3.7,1,1,33.3,5,20.00%,0.6,100,3.7,9,49,0,4,66.7,22,5.4,2.9,0.5,12,5,60,1,1,
Hunter Long,26,LAR,TE,17,2,9,7,60,8.6,0,2,77.8,18,40.00%,3.5,77.8,6.7,0,0,0,0,,,,0,0,7,8.6,60,0,0,
Gardner Minshew II,28,LVR,QB,10,9,0,0,0,,0,0,,,0.00%,0,,,19,58,0,5,36.8,11,3.1,5.8,1.9,19,3.1,58,0,6,
Keaton Mitchell,22,BAL,RB,5,0,1,1,28,28,0,1,100,28,20.00%,5.6,100,28,15,30,0,2,40,7,2,6,3,16,3.6,58,0,0,
K.J. Osborn,27,NWE,WR,7,4,18,7,57,8.1,1,2,27.8,22,100.00%,8.1,38.9,3.2,0,0,0,0,,,,0,0,7,8.1,57,1,0,
Odell Beckham Jr.,32,MIA,WR,9,0,18,9,55,6.1,0,3,27.8,11,100.00%,6.1,50,3.1,0,0,0,0,,,,0,0,9,6.1,55,0,0,
Tony Jones,27,ARI,RB,1,0,0,0,0,,0,0,,,0.00%,0,,,4,55,1,1,50,46,13.8,55,4,4,13.8,55,1,0,
Dak Prescott,31,DAL,QB,8,8,0,0,0,,0,0,,,0.00%,0,,,13,54,1,5,61.5,22,4.2,6.8,1.6,13,4.2,54,1,4,
Durham Smythe,29,MIA,TE,17,4,17,9,53,5.9,0,1,35.3,8,50.00%,3.1,52.9,3.1,0,0,0,0,,,,0,0,9,5.9,53,0,0,
Peyton Hendershot,25,KAN,TE,7,1,5,5,51,10.2,0,2,80,15,70.00%,7.3,100,10.2,0,0,0,0,,,,0,0,5,10.2,51,0,0,
Sione Vaki,23,DET,RB,16,0,3,3,37,12.3,0,2,100,17,20.00%,2.3,100,12.3,6,14,0,0,33.3,7,2.3,0.9,0.4,9,5.7,51,0,0,
Blake Whiteheart,24,CLE,TE,11,2,9,6,51,8.5,1,2,55.6,29,50.00%,4.6,66.7,5.7,0,0,0,0,,,,0,0,6,8.5,51,1,0,
Mike Boone,29,CAR,RB,6,0,3,1,-2,-2,0,0,0,,20.00%,-0.3,33.3,-0.7,13,51,0,3,61.5,9,3.9,8.5,2.2,14,3.5,49,0,0,
Tay Martin,27,TEN,WR,1,0,2,1,49,49,1,1,50,49,100.00%,49,50,24.5,0,0,0,0,,,,0,0,1,49,49,1,0,
Tua Tagovailoa,26,MIA,QB,11,11,0,0,0,,0,0,,,0.00%,0,,,17,49,0,5,41.2,13,2.9,4.5,1.5,17,2.9,49,0,7,
Nikko Remigio,25,KAN,WR,5,1,6,2,48,24,0,2,33.3,25,40.00%,9.6,33.3,8,0,0,0,0,,,,0,0,2,24,48,0,1,
Ainias Smith,23,PHI,WR,7,1,9,7,41,5.9,1,1,33.3,15,100.00%,5.9,77.8,4.6,2,6,0,1,50,4,3,0.9,0.3,9,5.2,47,1,0,
Tyquan Thornton,24,NWE,WR,6,1,8,4,47,11.8,0,2,37.5,17,0.7,7.8,50,5.9,0,0,0,0,,,,0,0,4,11.8,47,0,0,
Kenny Yeboah,26,NYJ,TE,9,1,8,5,47,9.4,1,3,62.5,13,0.6,5.2,62.5,5.9,0,0,0,0,,,,0,0,5,9.4,47,1,0,
Charlie Woerner,27,ATL,TE,16,5,12,7,46,6.6,0,3,33.3,13,0.4,2.9,58.3,3.8,0,0,0,0,,,,0,0,7,6.6,46,0,0,
Jonathon Brooks,21,CAR,RB,3,1,3,3,23,7.7,0,2,66.7,18,1,7.7,100,7.7,9,22,0,0,33.3,9,2.4,7.3,3,12,3.8,45,0,0,
C.J. Ham,31,MIN,FB,17,3,6,5,35,7,0,1,33.3,13,0.3,2.1,83.3,5.8,2,10,1,1,100,8,5,0.6,0.1,7,6.4,45,1,1,
Luke Musgrave,24,GNB,TE,7,3,10,7,45,6.4,0,2,30,19,1,6.4,70,4.5,0,0,0,0,,,,0,0,7,6.4,45,0,0,
,,,,,,Receiving,,,,,,,,,,,,Rushing,,,,,,,,,Scrimmage,,,,,
Player,Age,Team,Pos,G,GS,Tgt,Rec,Yds,Y/R,TD,1D,Succ%,Lng,R/G,Y/G,Ctch%,Y/Tgt,Att,Yds,TD,1D,Succ%,Lng,Y/A,Y/G,A/G,Touch,Y/Tch,YScm,RRTD,Fmb,Awards
D'Wayne Eskridge,27,MIA,WR,6,0,3,3,44,14.7,0,2,66.7,30,0.5,7.3,100,14.7,0,0,0,0,,,,0,0,3,14.7,44,0,0,
Xavier Gipson,23,NYJ,WR,17,0,10,6,39,6.5,1,3,30,17,0.4,2.3,60,3.9,1,5,0,1,100,5,5,0.3,0.1,7,6.3,44,1,4,
J.J. Taylor,26,HOU,RB,5,0,3,2,0,0,0,0,0,,0.4,0,66.7,0,10,44,0,1,50,9,4.4,8.8,2,12,3.7,44,0,0,
Cody White,26,SEA,WR,4,0,3,2,44,22,0,2,66.7,28,0.5,11,66.7,14.7,0,0,0,0,,,,0,0,2,22,44,0,0,
Malachi Corley,22,NYJ,WR,9,1,6,3,16,5.3,0,1,33.3,10,0.3,1.8,50,2.7,2,26,0,1,100,18,13,2.9,0.2,5,8.4,42,0,1,
Ben Sims,24,GNB,TE,17,5,5,4,42,10.5,0,1,60,28,0.2,2.5,80,8.4,0,0,0,0,,,,0,0,4,10.5,42,0,0,
Xavier Smith,27,LAR,WR,15,0,2,2,6,3,0,1,50,11,0.1,0.4,100,3,4,36,0,1,75,24,9,2.4,0.3,6,7,42,0,0,
Tim Jones,26,JAX,WR,17,0,5,3,41,13.7,0,3,60,20,0.2,2.4,60,8.2,0,0,0,0,,,,0,0,3,13.7,41,0,0,
Trey Lance,24,DAL,QB,4,1,0,0,0,,0,0,,,0,0,,,11,41,0,3,45.5,11,3.7,10.3,2.8,11,3.7,41,0,0,
Terrace Marshall Jr.,24,LVR,WR,7,1,6,3,41,13.7,0,1,50,28,0.4,5.9,50,6.8,0,0,0,0,,,,0,0,3,13.7,41,0,0,
Matthew Stafford,36,LAR,QB,16,16,0,0,0,,0,0,,,0,0,,,30,41,0,10,36.7,15,1.4,2.6,1.9,30,1.4,41,0,6,
Connor Heyward,25,PIT,TE,17,5,8,6,40,6.7,1,3,62.5,16,0.4,2.4,75,5,0,0,0,0,,,,0,0,6,6.7,40,1,0,
MyCole Pruitt,32,PIT,TE,12,5,10,6,40,6.7,1,2,40,18,0.5,3.3,60,4,0,0,0,0,,,,0,0,6,6.7,40,1,0,
Austin Trammell,26,JAX,WR,1,0,3,2,40,20,0,2,66.7,22,2,40,66.7,13.3,0,0,0,0,,,,0,0,2,20,40,0,1,
Davis Allen,23,LAR,TE,15,5,13,6,39,6.5,0,2,38.5,13,0.4,2.6,46.2,3,0,0,0,0,,,,0,0,6,6.5,39,0,0,
Tucker Fisk,25,LAC,TE,9,5,8,7,39,5.6,0,1,62.5,10,0.8,4.3,87.5,4.9,0,0,0,0,,,,0,0,7,5.6,39,0,0,
Jacob Kibodi,26,CLE,RB,1,0,3,1,15,15,0,1,33.3,15,1,15,33.3,5,5,24,0,1,20,17,4.8,24,5,6,6.5,39,0,0,
Johnny Wilson,23,PHI,WR,16,4,15,5,38,7.6,1,3,26.7,9,0.3,2.4,33.3,2.5,0,0,0,0,,,,0,0,5,7.6,38,1,0,
Dan Chisena,27,CAR,WR,6,0,4,3,37,12.3,0,2,75,23,0.5,6.2,75,9.3,0,0,0,0,,,,0,0,3,12.3,37,0,0,
Tip Reiman,23,ARI,TE,17,9,7,6,37,6.2,0,1,57.1,14,0.4,2.2,85.7,5.3,0,0,0,0,,,,0,0,6,6.2,37,0,0,
Laviska Shenault Jr.,26,SEA,WR,11,1,5,5,36,7.2,0,2,60,18,0.5,3.3,100,7.2,1,1,0,0,0,1,1,0.1,0.1,6,6.2,37,0,2,
Gerald Everett,30,CHI,TE,17,4,13,8,36,4.5,0,1,23.1,17,0.5,2.1,61.5,2.8,0,0,0,0,,,,0,0,8,4.5,36,0,0,
Quintin Morris,25,BUF,TE,16,3,8,5,36,7.2,1,3,50,14,0.3,2.3,62.5,4.5,0,0,0,0,,,,0,0,5,7.2,36,1,0,
Desmond Ridder,25,LVR,QB,6,1,0,0,0,,0,0,,,0,0,,,9,36,0,2,44.4,11,4,6,1.5,9,4,36,0,3,
Treylon Burks,24,TEN,WR,5,2,8,4,34,8.5,0,3,37.5,13,0.8,6.8,50,4.3,2,1,0,0,50,6,0.5,0.2,0.4,6,5.8,35,0,0,
,,,,,,Receiving,,,,,,,,,,,,Rushing,,,,,,,,,Scrimmage,,,,,
Player,Age,Team,Pos,G,GS,Tgt,Rec,Yds,Y/R,TD,1D,Succ%,Lng,R/G,Y/G,Ctch%,Y/Tgt,Att,Yds,TD,1D,Succ%,Lng,Y/A,Y/G,A/G,Touch,Y/Tch,YScm,RRTD,Fmb,Awards
Britain Covey,27,PHI,WR,5,1,8,7,34,4.9,0,2,37.5,11,1.4,6.8,87.5,4.3,0,0,0,0,,,,0,0,7,4.9,34,0,0,
Andy Dalton,37,CAR,QB,6,5,0,0,0,,0,0,,,0,0,,,11,34,0,2,36.4,18,3.1,5.7,1.8,11,3.1,34,0,2,
Divine Deablo,26,LVR,LLB,14,14,1,1,34,34,0,1,100,34,0.1,2.4,100,34,0,0,0,0,,,,0,0,1,34,34,0,0,
Travis Homer,26,CHI,RB,10,0,3,3,11,3.7,0,0,33.3,6,0.3,1.1,100,3.7,6,23,0,2,66.7,6,3.8,2.3,0.6,9,3.8,34,0,0,
Terrell Jennings,23,NWE,RB,3,0,1,0,0,,0,0,0,,0,0,0,0,13,33,0,0,23.1,7,2.5,11,4.3,13,2.5,33,0,0,
Tommy DeVito,26,NYG,QB,3,2,0,0,0,,0,0,,,0,0,,,8,32,0,1,25,17,4,10.7,2.7,8,4,32,0,0,
Jermar Jefferson,24,DET,RB,2,0,1,1,10,10,0,1,100,10,0.5,5,100,10,6,22,0,1,83.3,8,3.7,11,3,7,4.6,32,0,0,
Jase McClellan,22,ATL,RB,2,0,0,0,0,,0,0,,,0,0,,,13,32,0,2,46.2,8,2.5,16,6.5,13,2.5,32,0,0,
Rasheen Ali,23,BAL,RB,6,0,2,0,0,,0,0,0,,0,0,0,0,10,31,0,2,40,9,3.1,5.2,1.7,10,3.1,31,0,0,
Alex Bachman,28,LVR,WR,6,1,3,3,31,10.3,0,2,66.7,18,0.5,5.2,100,10.3,0,0,0,0,,,,0,0,3,10.3,31,0,0,
DJ Chark,28,LAC,WR,7,0,10,4,31,7.8,1,1,30,12,0.6,4.4,40,3.1,0,0,0,0,,,,0,0,4,7.8,31,1,0,
Parris Campbell,27,PHI,WR,5,0,8,6,30,5,1,1,50,7,1.2,6,75,3.8,0,0,0,0,,,,0,0,6,5,30,1,0,
Dalvin Cook,29,DAL,RB,2,0,1,1,10,10,0,1,100,10,0.5,5,100,10,8,20,0,0,37.5,4,2.5,10,4,9,3.3,30,0,0,
Chris Manhertz,32,NYG,TE,17,11,4,3,30,10,1,2,75,16,0.2,1.8,75,7.5,0,0,0,0,,,,0,0,3,10,30,1,0,
Aidan O'Connell,26,LVR,QB,9,7,0,0,0,,0,0,,,0,0,,,21,30,1,10,52.4,13,1.4,3.3,2.3,21,1.4,30,1,2,
Allen Robinson,31,DET,WR,12,0,7,3,30,10,0,3,42.9,21,0.3,2.5,42.9,4.3,0,0,0,0,,,,0,0,3,10,30,0,0,
Will Mallory,25,IND,TE,10,0,8,4,29,7.3,0,1,12.5,10,0.4,2.9,50,3.6,0,0,0,0,,,,0,0,4,7.3,29,0,0,
Greg Dulcich,24,DEN,TE,4,3,12,5,28,5.6,0,0,8.3,9,1.3,7,41.7,2.3,0,0,0,0,,,,0,0,5,5.6,28,0,0,
Cam Grandy,24,CIN,TE,8,6,5,5,28,5.6,0,1,60,9,0.6,3.5,100,5.6,0,0,0,0,,,,0,0,5,5.6,28,0,0,
Scott Matlock,24,LAC,FB/DL,17,11,5,4,28,7,0,1,60,10,0.2,1.6,80,5.6,0,0,0,0,,,,0,0,4,7,28,0,0,
Ben Sinnott,22,WAS,TE,17,2,5,5,28,5.6,1,2,40,12,0.3,1.6,100,5.6,0,0,0,0,,,,0,0,5,5.6,28,1,0,
David Bell,24,CLE,WR,1,0,3,3,27,9,0,1,33.3,12,3,27,100,9,0,0,0,0,,,,0,0,3,9,27,0,0,
Deven Thompkins,25,CAR,WR,7,0,4,4,20,5,0,2,50,12,0.6,2.9,100,5,2,7,0,0,50,9,3.5,1,0.3,6,4.5,27,0,0,
Joe Flacco,39,IND,QB,8,6,0,0,0,,0,0,,,0,0,,,9,26,0,2,22.2,21,2.9,3.3,1.1,9,2.9,26,0,4,
Joshua Dobbs,29,SFO,QB,2,1,0,0,0,,0,0,,,0,0,,,9,24,2,2,33.3,8,2.7,12,4.5,9,2.7,24,2,2,
,,,,,,Receiving,,,,,,,,,,,,Rushing,,,,,,,,,Scrimmage,,,,,
Player,Age,Team,Pos,G,GS,Tgt,Rec,Yds,Y/R,TD,1D,Succ%,Lng,R/G,Y/G,Ctch%,Y/Tgt,Att,Yds,TD,1D,Succ%,Lng,Y/A,Y/G,A/G,Touch,Y/Tch,YScm,RRTD,Fmb,Awards
Anthony Gould,23,IND,WR,8,0,1,1,23,23,0,1,100,23,0.1,2.9,100,23,0,0,0,0,,,,0,0,1,23,23,0,0,
Marcus Jones,26,NWE,CB,14,9,1,1,18,18,0,1,100,18,0.1,1.3,100,18,1,5,0,0,100,5,5,0.4,0.1,2,11.5,23,0,2,
Blake Watson,25,DEN,RB,2,0,2,1,13,13,0,0,50,13,0.5,6.5,50,6.5,4,10,0,2,75,7,2.5,5,2,5,4.6,23,0,0,
Ronnie Bell,24,SFO,WR,9,0,6,2,22,11,0,2,33.3,12,0.2,2.4,33.3,3.7,0,0,0,0,,,,0,0,2,11,22,0,0,
Jake Haener,25,NOR,QB,8,1,0,0,0,,0,0,,,0,0,,,11,22,0,0,18.2,9,2,2.8,1.4,11,2,22,0,0,
Patrick Ricard,30,BAL,FB,17,6,5,3,22,7.3,1,1,60,14,0.2,1.3,60,4.4,0,0,0,0,,,,0,0,3,7.3,22,1,0,"PB,AP-1"
Jamari Thrash,24,CLE,WR,9,0,7,3,22,7.3,0,2,28.6,11,0.3,2.4,42.9,3.1,0,0,0,0,,,,0,0,3,7.3,22,0,0,
Jonathan Ward,27,PIT,RB,4,0,0,0,0,,0,0,,,0,0,,,5,22,0,1,60,7,4.4,5.5,1.3,5,4.4,22,0,0,
Shane Zylstra,28,DET,TE,12,1,1,1,22,22,0,1,100,22,0.1,1.8,100,22,0,0,0,0,,,,0,0,1,22,22,0,0,
Ashtyn Davis,28,NYJ,S,15,1,0,0,0,,0,0,,,0,0,,,1,21,0,1,100,21,21,1.4,0.1,1,21,21,0,0,
Dallin Holker,24,NOR,TE,12,2,4,3,21,7,0,1,25,10,0.3,1.8,75,5.3,0,0,0,0,,,,0,0,3,7,21,0,0,
James Proche,28,CLE,WR,9,0,3,3,21,7,0,1,66.7,14,0.3,2.3,100,7,0,0,0,0,,,,0,0,3,7,21,0,1,
Devontez Walker,23,BAL,WR,9,0,3,1,21,21,1,1,33.3,21,0.1,2.3,33.3,7,0,0,0,0,,,,0,0,1,21,21,1,0,
Jaheim Bell,23,NWE,TE,15,0,3,2,20,10,0,1,33.3,19,0.1,1.3,66.7,6.7,0,0,0,0,,,,0,0,2,10,20,0,0,
Taylor Heinicke,31,LAC,QB,4,0,0,0,0,,0,0,,,0,0,,,2,20,0,1,50,12,10,5,0.5,2,10,20,0,0,
Velus Jones Jr.,27,2TM,WR,3,0,1,1,8,8,0,0,100,8,0.3,2.7,100,8,3,11,0,1,66.7,6,3.7,3.7,1,4,4.8,19,0,1,
Velus Jones Jr.,27,CHI,WR,1,0,1,1,8,8,0,0,100,8,1,8,100,8,2,11,0,1,100,6,5.5,11,2,3,6.3,19,0,1,
Velus Jones Jr.,27,CAR,WR,2,0,0,0,0,,0,0,,,0,0,,,1,0,0,0,0,,0,0,0.5,1,0,0,0,0,
MarShawn Lloyd,23,GNB,RB,1,0,1,1,3,3,0,0,0,3,1,3,100,3,6,15,0,0,16.7,5,2.5,15,6,7,2.6,18,0,0,
Cooper Rush,31,DAL,QB,12,8,0,0,0,,0,0,,,0,0,,,26,18,0,5,26.9,9,0.7,1.5,2.2,26,0.7,18,0,9,
Kristian Wilkerson,27,LVR,WR,3,0,3,2,18,9,1,2,66.7,9,0.7,6,66.7,6,0,0,0,0,,,,0,0,2,9,18,1,0,
Chris Blair,27,ATL,WR,4,0,2,1,17,17,0,1,50,17,0.3,4.3,50,8.5,0,0,0,0,,,,0,0,1,17,17,0,0,
Mason Kinsey,26,TEN,WR,6,0,2,2,17,8.5,0,1,100,11,0.3,2.8,100,8.5,0,0,0,0,,,,0,0,2,8.5,17,0,0,
Aaron Shampklin,25,PIT,RB,3,0,0,0,0,,0,0,,,0,0,,,6,17,0,1,16.7,5,2.8,5.7,2,6,2.8,17,0,0,
Tanner Conner,26,MIA,TE,8,1,4,3,16,5.3,0,1,50,11,0.4,2,75,4,0,0,0,0,,,,0,0,3,5.3,16,0,0,
,,,,,,Receiving,,,,,,,,,,,,Rushing,,,,,,,,,Scrimmage,,,,,
Player,Age,Team,Pos,G,GS,Tgt,Rec,Yds,Y/R,TD,1D,Succ%,Lng,R/G,Y/G,Ctch%,Y/Tgt,Att,Yds,TD,1D,Succ%,Lng,Y/A,Y/G,A/G,Touch,Y/Tch,YScm,RRTD,Fmb,Awards
Anthony Miller,30,BAL,WR,2,0,1,1,16,16,0,1,100,16,0.5,8,100,16,0,0,0,0,,,,0,0,1,16,16,0,0,
Joe Milton,24,NWE,QB,1,0,0,0,0,,0,0,,,0,0,,,10,16,1,4,50,9,1.6,16,10,10,1.6,16,1,1,
Trenton Irwin,29,CIN,WR,7,2,10,3,15,5,0,1,30,6,0.4,2.1,30,1.5,0,0,0,0,,,,0,0,3,5,15,0,0,
Kenny Pickett,26,PHI,QB,5,1,0,0,0,,0,0,,,0,0,,,9,15,1,3,33.3,8,1.7,3,1.8,9,1.7,15,1,1,
Josiah Deguara,27,JAX,TE,15,0,3,3,14,4.7,0,0,0,8,0.2,0.9,100,4.7,0,0,0,0,,,,0,0,3,4.7,14,0,0,
Casey Washington,23,ATL,WR,8,0,2,1,14,14,0,1,50,14,0.1,1.8,50,7,0,0,0,0,,,,0,0,1,14,14,0,0,
Tyrod Taylor,35,NYJ,QB,2,0,0,0,0,,0,0,,,0,0,,,3,13,0,0,66.7,7,4.3,6.5,1.5,3,4.3,13,0,1,
Javon Baker,22,NWE,WR,11,1,4,1,12,12,0,1,25,12,0.1,1.1,25,3,0,0,0,0,,,,0,0,1,12,12,0,0,
Feleipe Franks,27,CAR,TE,16,0,3,1,12,12,0,1,33.3,12,0.1,0.8,33.3,4,0,0,0,0,,,,0,0,1,12,12,0,0,
Isaiah Hodgins,26,NYG,WR,3,0,2,2,12,6,0,0,100,7,0.7,4,100,6,0,0,0,0,,,,0,0,2,6,12,0,0,
Grant Dubose,23,MIA,WR,3,0,4,2,11,5.5,0,1,25,13,0.7,3.7,50,2.8,0,0,0,0,,,,0,0,2,5.5,11,0,0,
Matthew Hayball,27,NOR,P,17,0,0,0,0,,0,0,,,0,0,,,1,11,0,1,100,11,11,0.6,0.1,1,11,11,0,0,
Kameron Johnson,22,TAM,WR,5,0,1,0,0,,0,0,0,,0,0,0,0,2,11,0,1,50,11,5.5,2.2,0.4,2,5.5,11,0,0,
Tyreik McAllister,26,LVR,WR,3,0,0,0,0,,0,0,,,0,0,,,2,11,0,1,50,10,5.5,3.7,0.7,2,5.5,11,0,0,
Davis Mills,26,HOU,QB,4,0,0,0,0,,0,0,,,0,0,,,3,11,0,1,66.7,9,3.7,2.8,0.8,3,3.7,11,0,0,
Michael Penix,24,ATL,QB,5,3,0,0,0,,0,0,,,0,0,,,7,11,1,1,14.3,5,1.6,2.2,1.4,7,1.6,11,1,2,
Trent Taylor,30,SFO,WR,2,0,1,1,11,11,0,0,100,11,0.5,5.5,100,11,0,0,0,0,,,,0,0,1,11,11,0,0,
Dane Belton,24,NYG,S,17,6,0,0,0,,0,0,,,0,0,,,1,10,0,1,100,10,10,0.6,0.1,1,10,10,0,0,
Myles Gaskin,27,MIN,RB,5,0,1,1,11,11,0,0,100,11,0.2,2.2,100,11,3,-1,0,0,0,2,-0.3,-0.2,0.6,4,2.5,10,0,0,
Jack Stoll,26,PHI,TE,7,2,3,2,10,5,0,0,33.3,6,0.3,1.4,66.7,3.3,0,0,0,0,,,,0,0,2,5,10,0,0,
Tim Boyle,30,2TM,QB,3,0,0,0,0,,0,0,,,0,0,,,3,9,0,1,66.7,6,3,3,1,3,3,9,0,0,
Tim Boyle,30,MIA,QB,2,0,0,0,0,,0,0,,,0,0,,,2,10,0,1,100,6,5,5,1,2,5,10,0,0,
Tim Boyle,30,NYG,QB,1,0,0,0,0,,0,0,,,0,0,,,1,-1,0,0,0,-1,-1,-1,1,1,-1,-1,0,0,
George Holani,25,SEA,RB,5,0,1,1,-1,-1,0,0,0,-1,0.2,-0.2,100,-1,3,10,0,1,66.7,8,3.3,2,0.6,4,2.3,9,0,0,
Brandon Johnson,26,PIT,WR,3,0,1,1,9,9,0,0,100,9,0.3,3,100,9,0,0,0,0,,,,0,0,1,9,9,0,0,
,,,,,,Receiving,,,,,,,,,,,,Rushing,,,,,,,,,Scrimmage,,,,,
Player,Age,Team,Pos,G,GS,Tgt,Rec,Yds,Y/R,TD,1D,Succ%,Lng,R/G,Y/G,Ctch%,Y/Tgt,Att,Yds,TD,1D,Succ%,Lng,Y/A,Y/G,A/G,Touch,Y/Tch,YScm,RRTD,Fmb,Awards
Kendric Pryor,26,CIN,WR,1,0,1,1,9,9,0,0,100,9,1,9,100,9,0,0,0,0,,,,0,0,1,9,9,0,0,
Cody Schrader,25,LAR,RB,1,0,1,1,6,6,0,0,100,6,1,6,100,6,1,3,0,0,0,3,3,3,1,2,4.5,9,0,0,
Dan Skipper,30,DET,T,17,5,1,1,9,9,1,1,100,9,0.1,0.5,100,9,0,0,0,0,,,,0,0,1,9,9,1,0,
Eric Tomlinson,32,LAC,TE,9,1,4,2,9,4.5,0,0,0,7,0.2,1,50,2.3,0,0,0,0,,,,0,0,2,4.5,9,0,0,
Tristan Wirfs,25,TAM,LT,16,16,0,0,9,,0,0,,9,0,0.6,,,0,0,0,0,,,,0,0,0,,9,0,1,"PB,AP-1"
Chris Collier,24,LVR,RB,3,0,2,1,-4,-4,0,0,0,-4,0.3,-1.3,50,-2,5,12,0,0,20,4,2.4,4,1.7,6,1.3,8,0,0,
Tyrion Davis-Price,24,PHI,RB,1,0,0,0,0,,0,0,,,0,0,,,3,7,0,0,0,5,2.3,7,3,3,2.3,7,0,0,
Reggie Gilliam,27,BUF,FB,15,0,0,0,0,,0,0,,,0,0,,,3,7,0,1,33.3,4,2.3,0.5,0.2,3,2.3,7,0,0,
E.J. Jenkins,26,PHI,TE,8,0,2,1,7,7,1,1,50,7,0.1,0.9,50,3.5,0,0,0,0,,,,0,0,1,7,7,1,0,
Brevin Jordan,24,HOU,TE,2,1,3,2,7,3.5,0,1,33.3,4,1,3.5,66.7,2.3,0,0,0,0,,,,0,0,2,3.5,7,0,0,
Ramel Keyton,24,LVR,WR,8,0,3,1,7,7,0,1,33.3,7,0.1,0.9,33.3,2.3,0,0,0,0,,,,0,0,1,7,7,0,0,
John Samuel Shenker,26,LVR,TE,8,0,1,1,7,7,0,0,100,7,0.1,0.9,100,7,0,0,0,0,,,,0,0,1,7,7,0,0,
Geoff Swaim,31,CLE,TE,8,2,1,1,7,7,0,0,100,7,0.1,0.9,100,7,0,0,0,0,,,,0,0,1,7,7,0,0,
Ian Thomas,28,CAR,TE,5,2,6,3,7,2.3,0,1,16.7,3,0.6,1.4,50,1.2,0,0,0,0,,,,0,0,3,2.3,7,0,0,
Jared Wiley,24,KAN,TE,7,2,1,1,7,7,0,0,0,7,0.1,1,100,7,0,0,0,0,,,,0,0,1,7,7,0,0,
Jaelon Darden,25,CLE,WR,7,1,1,1,6,6,0,1,100,6,0.1,0.9,100,6,0,0,0,0,,,,0,0,1,6,6,0,0,
Collin Johnson,27,CHI,WR,9,0,2,1,6,6,0,1,50,6,0.1,0.7,50,3,0,0,0,0,,,,0,0,1,6,6,0,0,
David Martin-Robinson,25,TEN,TE,5,2,2,1,6,6,0,1,50,6,0.2,1.2,50,3,0,0,0,0,,,,0,0,1,6,6,0,0,
John Ross,29,PHI,WR,1,0,2,1,6,6,0,1,50,6,1,6,50,3,0,0,0,0,,,,0,0,1,6,6,0,0,
Isaiah Williams,23,DET,WR,2,0,3,2,6,3,0,0,0,4,1,3,66.7,2,0,0,0,0,,,,0,0,2,3,6,0,0,
Mike Caliendo,27,KAN,OL,17,3,1,1,5,5,0,1,100,5,0.1,0.3,100,5,0,0,0,0,,,,0,0,1,5,5,0,0,
Robbie Chosen,31,MIA,WR,2,0,4,1,5,5,0,0,0,5,0.5,2.5,25,1.3,0,0,0,0,,,,0,0,1,5,5,0,0,
Zach Davidson,26,BUF,TE,2,0,2,1,5,5,0,0,50,5,0.5,2.5,50,2.5,0,0,0,0,,,,0,0,1,5,5,0,0,
Ross Dwelley,29,ATL,TE,17,0,1,1,5,5,0,0,100,5,0.1,0.3,100,5,0,0,0,0,,,,0,0,1,5,5,0,0,
Jody Fortson,29,KAN,TE,3,0,3,1,5,5,0,1,33.3,5,0.3,1.7,33.3,1.7,0,0,0,0,,,,0,0,1,5,5,0,0,
,,,,,,Receiving,,,,,,,,,,,,Rushing,,,,,,,,,Scrimmage,,,,,
Player,Age,Team,Pos,G,GS,Tgt,Rec,Yds,Y/R,TD,1D,Succ%,Lng,R/G,Y/G,Ctch%,Y/Tgt,Att,Yds,TD,1D,Succ%,Lng,Y/A,Y/G,A/G,Touch,Y/Tch,YScm,RRTD,Fmb,Awards
Jimmy Garoppolo,33,LAR,QB,1,1,0,0,0,,0,0,,,0,0,,,2,5,0,0,50,5,2.5,5,2,2,2.5,5,0,0,
Charlie Jones,26,CIN,WR,8,0,1,1,5,5,0,0,100,5,0.1,0.6,100,5,0,0,0,0,,,,0,0,1,5,5,0,2,
Chris Oladokun,27,KAN,QB,1,0,0,0,0,,0,0,,,0,0,,,1,5,0,0,0,5,5,5,1,1,5,5,0,1,
Tyler Scott,23,CHI,WR,11,0,1,1,5,5,0,0,0,5,0.1,0.5,100,5,0,0,0,0,,,,0,0,1,5,5,0,0,
Jarrett Stidham,28,DEN,QB,3,0,0,0,0,,0,0,,,0,0,,,4,5,0,1,25,8,1.3,1.7,1.3,4,1.3,5,0,0,
Brandon Allen,32,SFO,QB,3,1,0,0,0,,0,0,,,0,0,,,3,4,0,0,0,6,1.3,1.3,1,3,1.3,4,0,2,
Vederian Lowe,25,NWE,LT,14,13,1,1,4,4,1,1,100,4,0.1,0.3,100,4,0,0,0,0,,,,0,0,1,4,4,1,0,
Juanyeh Thomas,24,DAL,S,13,0,1,1,4,4,0,0,0,4,0.1,0.3,100,4,0,0,0,0,,,,0,0,1,4,4,0,0,
Skylar Thompson,27,MIA,QB,3,1,0,0,0,,0,0,,,0,0,,,1,4,0,0,0,4,4,1.3,0.3,1,4,4,0,2,
Ke'Shawn Vaughn,27,SFO,RB,3,0,0,0,0,,0,0,,,0,0,,,2,4,0,0,0,3,2,1.3,0.7,2,2,4,0,0,
Darrynton Evans,26,CHI,RB,5,0,0,0,0,,0,0,,,0,0,,,3,3,0,0,33.3,4,1,0.6,0.6,3,1,3,0,0,
Jha'Quan Jackson,24,TEN,WR,12,0,3,1,8,8,0,1,33.3,8,0.1,0.7,33.3,2.7,1,-5,0,0,0,,-5,-0.4,0.1,2,1.5,3,0,5,
Jake Brendel,32,SFO,C,17,17,0,0,2,,0,0,,2,0,0.1,,,0,0,0,0,,,,0,0,0,,2,0,1,
British Brooks,25,HOU,RB,5,0,0,0,0,,0,0,,,0,0,,,1,2,0,0,0,2,2,0.4,0.2,1,2,2,0,0,
John FitzPatrick,24,GNB,TE,9,0,1,1,2,2,0,0,0,2,0.1,0.2,100,2,0,0,0,0,,,,0,0,1,2,2,0,0,
Hendon Hooker,26,DET,QB,3,0,0,0,0,,0,0,,,0,0,,,5,2,0,1,20,3,0.4,0.7,1.7,5,0.4,2,0,0,
Sam Howell,24,SEA,QB,2,0,0,0,0,,0,0,,,0,0,,,1,2,0,0,0,2,2,1,0.5,1,2,2,0,0,
Sam Hubbard,29,CIN,LDE,14,14,1,1,2,2,1,1,100,2,0.1,0.1,100,2,0,0,0,0,,,,0,0,1,2,2,1,0,
Joshua Kelley,27,TEN,RB,3,0,0,0,0,,0,0,,,0,0,,,1,2,0,0,0,2,2,0.7,0.3,1,2,2,0,0,
Marcedes Lewis,40,CHI,TE,17,4,2,1,2,2,0,1,50,2,0.1,0.1,50,1,0,0,0,0,,,,0,0,1,2,2,0,0,
Julian Love,26,SEA,FS,17,17,0,0,0,,0,0,,,0,0,,,1,2,0,1,100,2,2,0.1,0.1,1,2,2,0,0,
Dell Pettus,23,NWE,S,17,1,0,0,0,,0,0,,,0,0,,,1,2,0,1,100,2,2,0.1,0.1,1,2,2,0,0,
Bailey Zappe,25,CLE,QB,1,1,0,0,0,,0,0,,,0,0,,,2,2,0,0,0,3,1,2,2,2,1,2,0,0,
Jaden Hicks,22,KAN,DB,17,1,0,0,0,,0,0,,,0,0,,,1,1,0,0,0,1,1,0.1,0.1,1,1,1,0,0,
Josh Johnson,38,BAL,QB,6,0,0,0,0,,0,0,,,0,0,,,4,1,0,0,0,2,0.3,0.2,0.7,4,0.3,1,0,0,
,,,,,,Receiving,,,,,,,,,,,,Rushing,,,,,,,,,Scrimmage,,,,,
Player,Age,Team,Pos,G,GS,Tgt,Rec,Yds,Y/R,TD,1D,Succ%,Lng,R/G,Y/G,Ctch%,Y/Tgt,Att,Yds,TD,1D,Succ%,Lng,Y/A,Y/G,A/G,Touch,Y/Tch,YScm,RRTD,Fmb,Awards
Wanya Morris,24,KAN,LT,17,11,1,1,1,1,1,1,100,1,0.1,0.1,100,1,0,0,0,0,,,,0,0,1,1,1,1,0,
Jalen Reeves-Maybin,29,DET,LB,10,0,0,0,0,,0,0,,,0,0,,,1,1,0,0,0,1,1,0.1,0.1,1,1,1,0,0,
Trenton Scott,30,WAS,T,17,1,1,1,1,1,1,1,100,1,0.1,0.1,100,1,0,0,0,0,,,,0,0,1,1,1,1,0,
Mitchell Trubisky,30,BUF,QB,9,0,0,0,0,,0,0,,,0,0,,,17,1,0,1,11.8,8,0.1,0.1,1.9,17,0.1,1,0,1,
Jake Bailey,27,MIA,P,17,0,0,0,0,,0,0,,,0,0,,,1,0,0,0,0,,0,0,0.1,1,0,0,0,1,
Brenden Bates,25,CLE,TE,2,0,1,0,0,,0,0,0,,0,0,0,0,0,0,0,0,,,,0,0,0,,0,0,0,
Andrew Beck,28,2TM,FB,4,0,2,0,0,,0,0,0,,0,0,0,0,0,0,0,0,,,,0,0,0,,0,0,0,
Andrew Beck,28,GNB,FB,3,0,1,0,0,,0,0,0,,0,0,0,0,0,0,0,0,,,,0,0,0,,0,0,0,
Andrew Beck,28,HOU,FB,1,0,1,0,0,,0,0,0,,0,0,0,0,0,0,0,0,,,,0,0,0,,0,0,0,
Braxton Berrios,29,MIA,WR,6,0,4,0,0,,0,0,0,,0,0,0,0,0,0,0,0,,,,0,0,0,,0,0,0,
Irvin Charles,27,NYJ,WR,13,0,1,0,0,,0,0,0,,0,0,0,0,0,0,0,0,,,,0,0,0,,0,0,0,
Kirk Cousins,36,ATL,QB,14,14,0,0,0,,0,0,,,0,0,,,23,0,0,2,13,,0,0,1.6,23,0,0,0,13,AP CPoY-13
Baylor Cupp,24,KAN,TE,1,0,1,0,0,,0,0,0,,0,0,0,0,0,0,0,0,,,,0,0,0,,0,0,0,
Taylor Decker,31,DET,LT,14,14,1,0,0,,0,0,0,,0,0,0,0,0,0,0,0,,,,0,0,0,,0,0,0,PB
Erik Ezukanma,24,MIA,WR,2,0,2,0,0,,0,0,0,,0,0,0,0,0,0,0,0,,,,0,0,0,,0,0,0,
Sam Franklin,28,CAR,S,10,0,1,0,0,,0,0,0,,0,0,0,0,0,0,0,0,,,,0,0,0,,0,0,0,
C.J. Goodwin,34,DAL,CB,17,0,1,0,0,,0,0,0,,0,0,0,0,0,0,0,0,,,,0,0,0,,0,0,0,
Tom Kennedy,28,DET,WR,4,0,1,0,0,,0,0,0,,0,0,0,0,0,0,0,0,,,,0,0,0,,0,0,0,
JC Latham,21,TEN,LT,17,17,1,1,0,0,0,0,0,,0.1,0,100,0,0,0,0,0,,,,0,0,1,0,0,0,0,
Dylan Laube,25,LVR,RB,10,0,0,0,0,,0,0,,,0,0,,,1,0,0,0,0,,0,0,0.1,1,0,0,0,1,
Jordan Matthews,32,CAR,TE,4,1,1,0,0,,0,0,0,,0,0,0,0,0,0,0,0,,,,0,0,0,,0,0,0,
Skyy Moore,24,KAN,WR,6,0,3,0,0,,0,0,0,,0,0,0,0,0,0,0,0,,,,0,0,0,,0,0,0,
James Pierre,28,PIT,CB,15,2,1,0,0,,0,0,0,,0,0,0,0,0,0,0,0,,,,0,0,0,,0,0,0,
Adam Prentice,27,NOR,FB,17,7,4,0,0,,0,0,0,,0,0,0,0,0,0,0,0,,,,0,0,0,,0,0,0,
Justyn Ross,25,KAN,WR,2,0,1,0,0,,0,0,0,,0,0,0,0,0,0,0,0,,,,0,0,0,,0,0,0,
,,,,,,Receiving,,,,,,,,,,,,Rushing,,,,,,,,,Scrimmage,,,,,
Player,Age,Team,Pos,G,GS,Tgt,Rec,Yds,Y/R,TD,1D,Succ%,Lng,R/G,Y/G,Ctch%,Y/Tgt,Att,Yds,TD,1D,Succ%,Lng,Y/A,Y/G,A/G,Touch,Y/Tch,YScm,RRTD,Fmb,Awards
JK Scott,29,LAC,P,17,0,0,0,0,,0,0,,,0,0,,,1,0,0,0,0,,0,0,0.1,1,0,0,0,1,
Steven Sims,27,HOU,WR,7,0,0,0,0,,0,0,,,0,0,,,1,0,0,0,0,,0,0,0.1,1,0,0,0,2,
Tyler Smith,23,DAL,LG,16,16,1,1,0,0,0,0,0,,0.1,0,100,0,0,0,0,0,,,,0,0,1,0,0,0,0,PB
Stephen Sullivan,28,CAR,TE,1,0,1,0,0,,0,0,0,,0,0,0,0,0,0,0,0,,,,0,0,0,,0,0,0,
Ben VanSumeren,24,PHI,LB,11,1,1,1,0,0,0,0,0,,0.1,0,100,0,0,0,0,0,,,,0,0,1,0,0,0,0,
Xavier Weaver,24,ARI,WR,2,0,2,0,0,,0,0,0,,0,0,0,0,0,0,0,0,,,,0,0,0,,0,0,0,
Carson Wentz,32,KAN,QB,3,1,0,0,0,,0,0,,,0,0,,,3,0,0,0,0,,0,0,1,3,0,0,0,0,
Brayden Willis,25,SFO,TE,10,0,2,0,0,,0,0,0,,0,0,0,0,0,0,0,0,,,,0,0,0,,0,0,0,
Dareke Young,25,SEA,WR,14,0,1,0,0,,0,0,0,,0,0,0,0,0,0,0,0,,,,0,0,0,,0,0,0,
Jermaine Jackson,24,NOR,WR,4,0,0,0,0,,0,0,,,0,0,,,1,-1,0,0,0,,-1,-0.3,0.3,1,-1,-1,0,0,
Tanner McKee,24,PHI,QB,2,1,0,0,0,,0,0,,,0,0,,,5,-1,0,1,20,2,-0.2,-0.5,2.5,5,-0.2,-1,0,0,
Jake Browning,28,CIN,QB,3,0,0,0,0,,0,0,,,0,0,,,2,-2,0,0,0,,-1,-0.7,0.7,2,-1,-2,0,0,
Zach Frazier,23,PIT,C,15,15,0,0,-2,,0,0,,-2,0,-0.1,,,0,0,0,0,,,,0,0,0,,-2,0,1,
Nick Mullens,29,MIN,QB,4,0,0,0,0,,0,0,,,0,0,,,3,-2,0,0,0,,-0.7,-0.5,0.8,3,-0.7,-2,0,0,
Tavierre Thomas,28,TAM,CB,17,0,0,0,0,,0,0,,,0,0,,,1,-2,0,0,0,,-2,-0.1,0.1,1,-2,-2,0,0,
Brycen Tremayne,25,WAS,WR,2,0,1,1,-2,-2,0,0,0,-2,0.5,-1,100,-2,0,0,0,0,,,,0,0,1,-2,-2,0,0,
Dominick Puni,24,SFO,RG,17,17,0,0,-3,,0,0,,-3,0,-0.2,,,0,0,0,0,,,,0,0,0,,-3,0,0,
Kadarius Toney,25,CLE,WR,3,0,1,0,0,,0,0,0,,0,0,0,0,2,-4,0,0,0,3,-2,-1.3,0.7,2,-2,-4,0,1,
Kyle Trask,26,TAM,QB,4,0,0,0,0,,0,0,,,0,0,,,5,-4,0,0,0,,-0.8,-1,1.3,5,-0.8,-4,0,0,
Clayton Tune,25,ARI,QB,6,0,0,0,0,,0,0,,,0,0,,,7,-4,0,2,28.6,2,-0.6,-0.7,1.2,7,-0.6,-4,0,1,
Tyson Bagent,24,CHI,QB,4,0,0,0,0,,0,0,,,0,0,,,6,-7,0,0,0,,-1.2,-1.8,1.5,6,-1.2,-7,0,0,
